session_date,signal_time,entry_time,exit_time,direction,entry_price,exit_price,stop_price,target_price,pnl_points,pnl_brl,fill_reason,exit_reason
2026-01-02,2026-01-02 10:00:00,2026-01-02 10:09:00,2026-01-02 10:33:00,short,5477.5,5474.5,5484.5,5474.5,3.0,30.0,limit_touch,take_profit
2026-01-02,2026-01-02 10:55:00,2026-01-02 10:58:00,2026-01-02 11:14:00,short,5471.0,5467.5,5478.5,5467.5,3.5,35.0,limit_touch,take_profit
2026-01-02,2026-01-02 11:25:00,2026-01-02 11:33:00,2026-01-02 11:39:00,short,5470.0,5477.5,5477.5,5466.5,-7.5,-75.0,limit_touch,stop_loss
2026-01-05,2026-01-05 10:08:00,2026-01-05 10:09:00,2026-01-05 10:13:00,long,5479.5,5482.5,5473.0,5482.5,3.0,30.0,limit_touch,take_profit
2026-01-05,2026-01-05 10:24:00,2026-01-05 10:43:00,2026-01-05 10:47:00,long,5481.0,5484.0,5474.5,5484.0,3.0,30.0,limit_touch,take_profit
2026-01-05,2026-01-05 12:29:00,2026-01-05 12:36:00,2026-01-05 12:38:00,short,5461.0,5457.5,5468.0,5457.5,3.5,35.0,limit_touch,take_profit
2026-01-06,2026-01-06 10:17:00,2026-01-06 10:29:00,2026-01-06 10:35:00,short,5428.0,5425.5,5434.0,5425.5,2.5,25.0,limit_touch,take_profit
2026-01-06,2026-01-06 11:52:00,2026-01-06 12:23:00,2026-01-06 12:31:00,short,5411.0,5417.5,5417.5,5408.0,-6.5,-65.0,limit_touch,stop_loss
2026-01-07,2026-01-07 10:07:00,2026-01-07 10:15:00,2026-01-07 10:15:00,long,5418.0,5420.5,5412.5,5420.5,2.5,25.0,limit_touch,take_profit
2026-01-07,2026-01-07 11:38:00,2026-01-07 11:45:00,2026-01-07 11:53:00,long,5424.5,5427.5,5418.5,5427.5,3.0,30.0,limit_touch,take_profit
2026-01-07,2026-01-07 12:19:00,2026-01-07 12:21:00,2026-01-07 12:24:00,long,5426.0,5429.0,5419.5,5429.0,3.0,30.0,better_open,take_profit
2026-01-08,2026-01-08 10:04:00,2026-01-08 10:06:00,2026-01-08 10:16:00,short,5412.0,5410.0,5417.0,5410.0,2.0,20.0,limit_touch,take_profit
2026-01-08,2026-01-08 11:16:00,2026-01-08 11:18:00,2026-01-08 11:21:00,long,5423.0,5425.5,5418.0,5425.5,2.5,25.0,limit_touch,take_profit
2026-01-09,2026-01-09 10:30:00,2026-01-09 10:30:00,2026-01-09 10:30:00,short,5405.0,5409.5,5409.5,5403.0,-4.5,-45.0,limit_touch,stop_loss
2026-01-09,2026-01-09 10:33:00,2026-01-09 10:33:00,2026-01-09 10:34:00,short,5399.5,5397.0,5405.0,5397.0,2.5,25.0,limit_touch,take_profit
2026-01-09,2026-01-09 10:44:00,2026-01-09 10:50:00,2026-01-09 10:52:00,short,5395.0,5392.5,5401.0,5392.5,2.5,25.0,limit_touch,take_profit
2026-01-09,2026-01-09 13:11:00,2026-01-09 14:54:00,2026-01-09 16:06:00,short,5393.0,5399.0,5399.0,5390.0,-6.0,-60.0,limit_touch,stop_loss
2026-01-12,2026-01-12 10:02:00,2026-01-12 10:07:00,2026-01-12 10:08:00,long,5403.0,5405.5,5397.0,5405.5,2.5,25.0,limit_touch,take_profit
2026-01-12,2026-01-12 11:06:00,2026-01-12 11:11:00,2026-01-12 11:23:00,long,5404.0,5397.5,5397.5,5407.0,-6.5,-65.0,limit_touch,stop_loss
2026-01-13,2026-01-13 10:31:00,2026-01-13 10:31:00,2026-01-13 10:31:00,short,5395.5,5393.0,5400.5,5393.0,2.5,25.0,limit_touch,take_profit
2026-01-13,2026-01-13 10:33:00,2026-01-13 10:33:00,2026-01-13 10:34:00,short,5395.0,5392.5,5400.0,5392.5,2.5,25.0,limit_touch,take_profit
2026-01-13,2026-01-13 11:35:00,2026-01-13 11:40:00,2026-01-13 11:49:00,short,5394.0,5399.5,5399.5,5391.5,-5.5,-55.0,limit_touch,stop_loss
2026-01-13,2026-01-13 12:28:00,2026-01-13 12:35:00,2026-01-13 12:50:00,long,5408.0,5402.5,5402.5,5410.5,-5.5,-55.0,limit_touch,stop_loss
2026-01-13,2026-01-13 13:28:00,2026-01-13 13:33:00,2026-01-13 14:15:00,long,5411.5,5405.5,5405.5,5414.0,-6.0,-60.0,limit_touch,stop_loss
2026-01-14,2026-01-14 10:02:00,2026-01-14 10:02:00,2026-01-14 10:04:00,short,5390.0,5388.0,5394.5,5388.0,2.0,20.0,limit_touch,take_profit
2026-01-14,2026-01-14 10:45:00,2026-01-14 10:48:00,2026-01-14 10:51:00,short,5386.0,5384.0,5391.0,5384.0,2.0,20.0,limit_touch,take_profit
2026-01-14,2026-01-14 11:10:00,2026-01-14 11:10:00,2026-01-14 11:10:00,long,5429.5,5433.0,5422.5,5433.0,3.5,35.0,limit_touch,take_profit
2026-01-15,2026-01-15 10:28:00,2026-01-15 10:29:00,2026-01-15 10:30:00,long,5410.0,5413.0,5403.5,5413.0,3.0,30.0,limit_touch,take_profit
2026-01-15,2026-01-15 10:48:00,2026-01-15 10:50:00,2026-01-15 10:56:00,long,5417.0,5420.0,5410.5,5420.0,3.0,30.0,limit_touch,take_profit
2026-01-16,2026-01-16 11:31:00,2026-01-16 11:36:00,2026-01-16 11:46:00,long,5405.0,5399.5,5399.5,5407.5,-5.5,-55.0,limit_touch,stop_loss
2026-01-19,2026-01-19 10:13:00,2026-01-19 10:15:00,2026-01-19 10:38:00,short,5381.5,5379.0,5386.5,5379.0,2.5,25.0,limit_touch,take_profit
2026-01-19,2026-01-19 13:16:00,2026-01-19 13:27:00,2026-01-19 13:30:00,short,5372.0,5370.0,5377.0,5370.0,2.0,20.0,limit_touch,take_profit_gap_open
2026-01-20,2026-01-20 10:36:00,2026-01-20 10:36:00,2026-01-20 10:41:00,long,5415.0,5417.5,5409.5,5417.5,2.5,25.0,limit_touch,take_profit
2026-01-20,2026-01-20 12:36:00,2026-01-20 14:39:00,2026-01-20 15:09:00,short,5386.0,5392.5,5392.5,5383.0,-6.5,-65.0,limit_touch,stop_loss
2026-01-21,2026-01-21 10:10:00,2026-01-21 10:20:00,2026-01-21 10:28:00,short,5364.0,5361.5,5369.5,5361.5,2.5,25.0,limit_touch,take_profit
2026-01-21,2026-01-21 11:07:00,2026-01-21 11:15:00,2026-01-21 11:32:00,short,5362.5,5360.0,5368.5,5360.0,2.5,25.0,limit_touch,take_profit
2026-01-21,2026-01-21 11:56:00,2026-01-21 12:26:00,2026-01-21 12:42:00,short,5348.0,5345.0,5354.5,5345.0,3.0,30.0,limit_touch,take_profit
2026-01-21,2026-01-21 13:39:00,2026-01-21 14:32:00,2026-01-21 14:40:00,short,5344.0,5341.0,5350.5,5341.0,3.0,30.0,limit_touch,take_profit
2026-01-22,2026-01-22 10:58:00,2026-01-22 11:05:00,2026-01-22 11:06:00,long,5332.0,5334.5,5326.5,5334.5,2.5,25.0,limit_touch,take_profit
2026-01-22,2026-01-22 12:30:00,2026-01-22 12:34:00,2026-01-22 12:39:00,short,5319.0,5316.5,5324.5,5316.5,2.5,25.0,limit_touch,take_profit
2026-01-22,2026-01-22 13:08:00,2026-01-22 13:53:00,2026-01-22 14:02:00,short,5309.5,5307.0,5315.5,5307.0,2.5,25.0,limit_touch,take_profit
2026-01-23,2026-01-23 10:07:00,2026-01-23 10:10:00,2026-01-23 10:12:00,short,5291.5,5297.0,5297.0,5289.0,-5.5,-55.0,limit_touch,stop_loss
2026-01-23,2026-01-23 11:20:00,2026-01-23 11:23:00,2026-01-23 11:35:00,long,5306.0,5308.5,5300.5,5308.5,2.5,25.0,limit_touch,take_profit
2026-01-23,2026-01-23 11:41:00,2026-01-23 11:52:00,2026-01-23 11:52:00,long,5307.5,5310.0,5302.0,5310.0,2.5,25.0,limit_touch,take_profit
2026-01-23,2026-01-23 14:33:00,2026-01-23 14:34:00,2026-01-23 14:44:00,short,5290.5,5296.5,5296.5,5287.5,-6.0,-60.0,limit_touch,stop_loss
2026-01-26,2026-01-26 12:01:00,2026-01-26 12:14:00,2026-01-26 12:25:00,short,5280.0,5277.0,5286.5,5277.0,3.0,30.0,limit_touch,take_profit
2026-01-26,2026-01-26 12:59:00,2026-01-26 13:09:00,2026-01-26 13:44:00,short,5275.5,5282.0,5282.0,5272.5,-6.5,-65.0,limit_touch,stop_loss
2026-01-27,2026-01-27 11:04:00,2026-01-27 11:19:00,2026-01-27 11:25:00,short,5257.0,5254.5,5262.5,5254.5,2.5,25.0,better_open,take_profit
2026-01-28,2026-01-28 10:06:00,2026-01-28 10:12:00,2026-01-28 10:23:00,short,5182.0,5189.5,5189.5,5178.5,-7.5,-75.0,limit_touch,stop_loss
2026-01-28,2026-01-28 12:10:00,2026-01-28 12:10:00,2026-01-28 12:18:00,long,5200.0,5204.0,5191.5,5204.0,4.0,40.0,limit_touch,take_profit
2026-01-28,2026-01-28 12:21:00,2026-01-28 12:24:00,2026-01-28 12:27:00,long,5201.0,5205.0,5192.5,5205.0,4.0,40.0,limit_touch,take_profit
2026-01-28,2026-01-28 12:57:00,2026-01-28 13:07:00,2026-01-28 13:10:00,long,5205.5,5209.5,5197.0,5209.5,4.0,40.0,limit_touch,take_profit
2026-01-28,2026-01-28 13:53:00,2026-01-28 14:32:00,2026-01-28 14:59:00,long,5208.5,5212.0,5200.5,5212.0,3.5,35.0,limit_touch,take_profit
2026-01-29,2026-01-29 11:45:00,2026-01-29 11:51:00,2026-01-29 11:53:00,short,5177.0,5184.0,5184.0,5173.5,-7.0,-70.0,limit_touch,stop_loss
2026-01-29,2026-01-29 12:18:00,2026-01-29 12:21:00,2026-01-29 12:25:00,long,5231.0,5235.5,5221.5,5235.5,4.5,45.0,limit_touch,take_profit
2026-01-30,2026-01-30 10:01:00,2026-01-30 10:04:00,2026-01-30 10:07:00,long,5253.0,5257.5,5244.0,5257.5,4.5,45.0,limit_touch,take_profit
2026-01-30,2026-01-30 10:54:00,2026-01-30 11:06:00,2026-01-30 11:15:00,long,5263.5,5254.0,5254.0,5268.0,-9.5,-95.0,limit_touch,stop_loss
2026-02-02,2026-02-02 11:21:00,2026-02-02 11:32:00,2026-02-02 11:38:00,long,5300.5,5291.0,5291.0,5305.0,-9.5,-95.0,limit_touch,stop_loss
2026-02-03,2026-02-03 10:06:00,2026-02-03 10:21:00,2026-02-03 10:40:00,short,5258.5,5255.5,5265.5,5255.5,3.0,30.0,limit_touch,take_profit
2026-02-03,2026-02-03 10:59:00,2026-02-03 11:05:00,2026-02-03 11:20:00,short,5249.0,5245.5,5256.0,5245.5,3.5,35.0,limit_touch,take_profit_gap_open
2026-02-03,2026-02-03 11:37:00,2026-02-03 11:47:00,2026-02-03 11:49:00,short,5246.0,5243.0,5253.0,5243.0,3.0,30.0,limit_touch,take_profit
2026-02-04,2026-02-04 10:17:00,2026-02-04 10:18:00,2026-02-04 10:33:00,short,5248.5,5255.0,5255.0,5245.5,-6.5,-65.0,limit_touch,stop_loss
2026-02-04,2026-02-04 11:42:00,2026-02-04 11:45:00,2026-02-04 11:53:00,long,5265.0,5268.5,5258.0,5268.5,3.5,35.0,limit_touch,take_profit
2026-02-04,2026-02-04 12:03:00,2026-02-04 12:11:00,2026-02-04 12:12:00,long,5268.0,5271.5,5261.0,5271.5,3.5,35.0,limit_touch,take_profit
2026-02-04,2026-02-04 12:37:00,2026-02-04 12:40:00,2026-02-04 12:42:00,long,5272.5,5276.0,5265.5,5276.0,3.5,35.0,limit_touch,take_profit
2026-02-04,2026-02-04 13:43:00,2026-02-04 13:57:00,2026-02-04 14:06:00,long,5274.5,5267.5,5267.5,5278.0,-7.0,-70.0,limit_touch,stop_loss
2026-02-05,2026-02-05 11:25:00,2026-02-05 11:32:00,2026-02-05 11:37:00,short,5273.5,5270.0,5280.5,5270.0,3.5,35.0,limit_touch,take_profit
2026-02-05,2026-02-05 11:47:00,2026-02-05 11:58:00,2026-02-05 12:05:00,short,5270.5,5277.5,5277.5,5267.0,-7.0,-70.0,limit_touch,stop_loss
2026-02-05,2026-02-05 12:49:00,2026-02-05 12:53:00,2026-02-05 13:05:00,long,5300.5,5304.5,5292.0,5304.5,4.0,40.0,limit_touch,take_profit
2026-02-06,2026-02-06 10:02:00,2026-02-06 10:03:00,2026-02-06 10:04:00,long,5271.0,5263.0,5263.0,5274.5,-8.0,-80.0,limit_touch,stop_loss
2026-02-06,2026-02-06 11:34:00,2026-02-06 11:52:00,2026-02-06 12:02:00,short,5245.0,5253.5,5253.5,5241.0,-8.5,-85.0,limit_touch,stop_loss
2026-02-09,2026-02-09 10:09:00,2026-02-09 10:15:00,2026-02-09 10:24:00,short,5217.5,5214.5,5224.5,5214.5,3.0,30.0,limit_touch,take_profit
2026-02-09,2026-02-09 10:26:00,2026-02-09 10:28:00,2026-02-09 10:35:00,short,5216.0,5223.0,5223.0,5213.0,-7.0,-70.0,limit_touch,stop_loss
2026-02-09,2026-02-09 11:46:00,2026-02-09 11:50:00,2026-02-09 11:56:00,short,5214.5,5211.0,5221.5,5211.0,3.5,35.0,limit_touch,take_profit
2026-02-09,2026-02-09 13:03:00,2026-02-09 13:26:00,2026-02-09 13:30:00,short,5204.5,5211.5,5211.5,5201.5,-7.0,-70.0,limit_touch,stop_loss
2026-02-10,2026-02-10 10:12:00,2026-02-10 10:14:00,2026-02-10 10:21:00,long,5223.5,5226.0,5217.5,5226.0,2.5,25.0,limit_touch,take_profit
2026-02-10,2026-02-10 11:35:00,2026-02-10 11:35:00,2026-02-10 11:42:00,short,5208.5,5214.5,5214.5,5205.5,-6.0,-60.0,limit_touch,stop_loss
2026-02-10,2026-02-10 12:18:00,2026-02-10 12:19:00,2026-02-10 12:25:00,long,5224.0,5227.0,5217.5,5227.0,3.0,30.0,limit_touch,take_profit
2026-02-10,2026-02-10 12:30:00,2026-02-10 12:42:00,2026-02-10 12:55:00,long,5224.0,5217.5,5217.5,5227.0,-6.5,-65.0,limit_touch,stop_loss
2026-02-11,2026-02-11 10:11:00,2026-02-11 10:11:00,2026-02-11 10:25:00,long,5205.0,5199.5,5199.5,5207.5,-5.5,-55.0,limit_touch,stop_loss
2026-02-11,2026-02-11 10:31:00,2026-02-11 10:32:00,2026-02-11 10:33:00,long,5212.0,5214.5,5206.0,5214.5,2.5,25.0,limit_touch,take_profit
2026-02-11,2026-02-11 10:34:00,2026-02-11 10:35:00,2026-02-11 10:39:00,long,5213.0,5207.0,5207.0,5215.5,-6.0,-60.0,limit_touch,stop_loss
2026-02-11,2026-02-11 11:10:00,2026-02-11 11:22:00,2026-02-11 11:24:00,short,5194.0,5200.5,5200.5,5191.0,-6.5,-65.0,limit_touch,stop_loss
2026-02-12,2026-02-12 10:39:00,2026-02-12 10:41:00,2026-02-12 10:57:00,short,5188.0,5185.5,5193.5,5185.5,2.5,25.0,limit_touch,take_profit
2026-02-12,2026-02-12 11:14:00,2026-02-12 11:23:00,2026-02-12 11:25:00,short,5181.0,5178.5,5186.5,5178.5,2.5,25.0,limit_touch,take_profit
2026-02-12,2026-02-12 11:48:00,2026-02-12 12:10:00,2026-02-12 12:13:00,short,5180.0,5177.5,5185.5,5177.5,2.5,25.0,limit_touch,take_profit
2026-02-12,2026-02-12 12:17:00,2026-02-12 12:26:00,2026-02-12 12:31:00,short,5178.5,5184.0,5184.0,5176.0,-5.5,-55.0,limit_touch,stop_loss
2026-02-12,2026-02-12 13:30:00,2026-02-12 13:36:00,2026-02-12 13:41:00,long,5207.5,5201.0,5201.0,5210.5,-6.5,-65.0,limit_touch,stop_loss
2026-02-12,2026-02-12 14:20:00,2026-02-12 14:49:00,2026-02-12 14:53:00,long,5209.0,5212.5,5202.0,5212.5,3.5,35.0,limit_touch,take_profit
2026-02-13,2026-02-13 10:00:00,2026-02-13 10:00:00,2026-02-13 10:17:00,short,5231.0,5238.0,5238.0,5228.0,-7.0,-70.0,limit_touch,stop_loss
2026-02-13,2026-02-13 10:31:00,2026-02-13 10:31:00,2026-02-13 10:40:00,short,5224.5,5232.0,5232.0,5221.0,-7.5,-75.0,limit_touch,stop_loss
2026-02-13,2026-02-13 11:43:00,2026-02-13 11:44:00,2026-02-13 11:46:00,long,5252.5,5244.0,5244.0,5256.5,-8.5,-85.0,limit_touch,stop_loss
2026-02-13,2026-02-13 12:05:00,2026-02-13 12:09:00,2026-02-13 12:16:00,long,5253.0,5257.0,5244.0,5257.0,4.0,40.0,limit_touch,take_profit
2026-02-18,2026-02-18 13:02:00,2026-02-18 13:02:00,2026-02-18 13:03:00,long,5221.0,5214.0,5214.0,5224.0,-7.0,-70.0,limit_touch,stop_loss
2026-02-18,2026-02-18 13:06:00,2026-02-18 13:06:00,2026-02-18 13:06:00,short,5211.0,5208.0,5218.0,5208.0,3.0,30.0,limit_touch,take_profit
2026-02-18,2026-02-18 13:07:00,2026-02-18 13:08:00,2026-02-18 13:10:00,short,5210.5,5217.5,5217.5,5207.5,-7.0,-70.0,limit_touch,stop_loss
2026-02-18,2026-02-18 13:19:00,2026-02-18 13:20:00,2026-02-18 13:20:00,long,5224.0,5227.0,5217.0,5227.0,3.0,30.0,better_open,take_profit
2026-02-18,2026-02-18 14:04:00,2026-02-18 14:07:00,2026-02-18 14:09:00,long,5227.0,5230.0,5220.0,5230.0,3.0,30.0,better_open,take_profit
2026-02-19,2026-02-19 10:41:00,2026-02-19 11:13:00,2026-02-19 11:16:00,short,5237.0,5233.5,5244.5,5233.5,3.5,35.0,limit_touch,take_profit
2026-02-20,2026-02-20 11:00:00,2026-02-20 11:04:00,2026-02-20 11:05:00,short,5217.5,5215.0,5223.0,5215.0,2.5,25.0,limit_touch,take_profit
2026-02-20,2026-02-20 11:17:00,2026-02-20 11:30:00,2026-02-20 11:32:00,short,5216.0,5213.5,5222.0,5213.5,2.5,25.0,limit_touch,take_profit
2026-02-20,2026-02-20 11:55:00,2026-02-20 11:57:00,2026-02-20 12:00:00,short,5208.5,5206.0,5214.5,5206.0,2.5,25.0,limit_touch,take_profit
2026-02-20,2026-02-20 12:02:00,2026-02-20 12:03:00,2026-02-20 12:04:00,short,5202.0,5199.0,5208.5,5199.0,3.0,30.0,limit_touch,take_profit
2026-02-20,2026-02-20 13:08:00,2026-02-20 14:02:00,2026-02-20 14:06:00,short,5198.5,5195.5,5205.5,5195.5,3.0,30.0,limit_touch,take_profit
2026-02-23,2026-02-23 10:52:00,2026-02-23 10:57:00,2026-02-23 11:00:00,short,5176.5,5174.0,5182.0,5174.0,2.5,25.0,limit_touch,take_profit
2026-02-23,2026-02-23 11:51:00,2026-02-23 12:32:00,2026-02-23 13:01:00,short,5158.5,5164.5,5164.5,5155.5,-6.0,-60.0,limit_touch,stop_loss
2026-02-24,2026-02-24 12:07:00,2026-02-24 12:09:00,2026-02-24 12:10:00,short,5173.5,5171.0,5179.5,5171.0,2.5,25.0,limit_touch,take_profit
2026-02-25,2026-02-25 11:11:00,2026-02-25 11:16:00,2026-02-25 11:34:00,long,5150.0,5143.5,5143.5,5153.0,-6.5,-65.0,limit_touch,stop_loss
2026-02-25,2026-02-25 12:48:00,2026-02-25 12:52:00,2026-02-25 12:53:00,long,5159.5,5152.5,5152.5,5162.5,-7.0,-70.0,limit_touch,stop_loss
2026-02-26,2026-02-26 10:01:00,2026-02-26 10:04:00,2026-02-26 10:18:00,short,5128.5,5133.5,5133.5,5126.0,-5.0,-50.0,limit_touch,stop_loss
2026-02-26,2026-02-26 11:32:00,2026-02-26 11:33:00,2026-02-26 11:39:00,long,5143.5,5146.0,5138.0,5146.0,2.5,25.0,limit_touch,take_profit
2026-02-26,2026-02-26 11:52:00,2026-02-26 12:00:00,2026-02-26 12:01:00,long,5147.0,5149.5,5141.5,5149.5,2.5,25.0,limit_touch,take_profit
2026-02-26,2026-02-26 12:26:00,2026-02-26 12:30:00,2026-02-26 12:30:00,long,5153.0,5155.5,5147.0,5155.5,2.5,25.0,limit_touch,take_profit
2026-02-27,2026-02-27 10:41:00,2026-02-27 10:49:00,2026-02-27 10:54:00,long,5203.0,5206.5,5195.5,5206.5,3.5,35.0,limit_touch,take_profit
2026-02-27,2026-02-27 13:14:00,2026-02-27 13:40:00,2026-02-27 14:23:00,short,5176.0,5184.0,5184.0,5172.5,-8.0,-80.0,limit_touch,stop_loss
2026-03-02,2026-03-02 10:13:00,2026-03-02 10:23:00,2026-03-02 10:28:00,long,5232.5,5236.5,5224.5,5236.5,4.0,40.0,limit_touch,take_profit
2026-03-02,2026-03-02 10:44:00,2026-03-02 11:08:00,2026-03-02 11:16:00,long,5236.0,5240.0,5227.0,5240.0,4.0,40.0,limit_touch,take_profit
2026-03-03,2026-03-03 12:23:00,2026-03-03 12:31:00,2026-03-03 12:33:00,long,5355.0,5361.0,5342.5,5361.0,6.0,60.0,limit_touch,take_profit
2026-03-04,2026-03-04 10:29:00,2026-03-04 10:31:00,2026-03-04 10:32:00,short,5260.5,5255.0,5273.0,5255.0,5.5,55.0,limit_touch,take_profit
2026-03-04,2026-03-04 11:35:00,2026-03-04 11:35:00,2026-03-04 11:55:00,short,5249.0,5243.5,5260.5,5243.5,5.5,55.0,limit_touch,take_profit
2026-03-04,2026-03-04 13:04:00,2026-03-04 13:14:00,2026-03-04 13:22:00,short,5246.0,5258.0,5258.0,5240.5,-12.0,-120.0,limit_touch,stop_loss
2026-03-05,2026-03-05 11:27:00,2026-03-05 11:30:00,2026-03-05 11:34:00,long,5290.5,5280.5,5280.5,5295.0,-10.0,-100.0,limit_touch,stop_loss
2026-03-05,2026-03-05 12:05:00,2026-03-05 12:08:00,2026-03-05 12:18:00,short,5271.0,5281.0,5281.0,5266.5,-10.0,-100.0,limit_touch,stop_loss
2026-03-05,2026-03-05 13:24:00,2026-03-05 13:32:00,2026-03-05 13:46:00,long,5307.5,5296.5,5296.5,5312.5,-11.0,-110.0,limit_touch,stop_loss
2026-03-06,2026-03-06 10:14:00,2026-03-06 10:22:00,2026-03-06 10:30:00,short,5317.0,5311.5,5329.0,5311.5,5.5,55.0,limit_touch,take_profit
2026-03-06,2026-03-06 10:32:00,2026-03-06 10:40:00,2026-03-06 10:44:00,short,5313.0,5307.5,5325.0,5307.5,5.5,55.0,limit_touch,take_profit
2026-03-06,2026-03-06 11:11:00,2026-03-06 11:12:00,2026-03-06 11:32:00,long,5341.0,5328.0,5328.0,5347.0,-13.0,-130.0,limit_touch,stop_loss
2026-03-06,2026-03-06 13:47:00,2026-03-06 14:27:00,2026-03-06 14:33:00,short,5307.0,5301.5,5319.0,5301.5,5.5,55.0,limit_touch,take_profit
2026-03-09,2026-03-09 11:06:00,2026-03-09 11:11:00,2026-03-09 11:15:00,short,5257.5,5252.5,5268.5,5252.5,5.0,50.0,limit_touch,take_profit
2026-03-09,2026-03-09 12:07:00,2026-03-09 12:50:00,2026-03-09 12:51:00,short,5253.5,5248.5,5264.5,5248.5,5.0,50.0,limit_touch,take_profit
2026-03-10,2026-03-10 10:16:00,2026-03-10 10:24:00,2026-03-10 10:33:00,long,5205.0,5209.5,5195.0,5209.5,4.5,45.0,limit_touch,take_profit
2026-03-10,2026-03-10 10:42:00,2026-03-10 10:44:00,2026-03-10 11:09:00,long,5206.5,5211.0,5196.0,5211.0,4.5,45.0,limit_touch,take_profit
2026-03-10,2026-03-10 12:44:00,2026-03-10 13:20:00,2026-03-10 13:32:00,short,5180.0,5175.5,5189.5,5175.5,4.5,45.0,limit_touch,take_profit
2026-03-10,2026-03-10 14:19:00,2026-03-10 14:42:00,2026-03-10 14:50:00,short,5173.0,5169.0,5181.5,5169.0,4.0,40.0,limit_touch,take_profit
2026-03-11,2026-03-11 10:00:00,2026-03-11 10:01:00,2026-03-11 10:12:00,long,5200.5,5192.5,5192.5,5204.0,-8.0,-80.0,limit_touch,stop_loss
2026-03-11,2026-03-11 11:02:00,2026-03-11 11:03:00,2026-03-11 11:10:00,short,5180.5,5176.5,5189.0,5176.5,4.0,40.0,limit_touch,take_profit
2026-03-12,2026-03-12 10:08:00,2026-03-12 10:10:00,2026-03-12 10:15:00,short,5187.0,5194.5,5194.5,5183.5,-7.5,-75.0,limit_touch,stop_loss
2026-03-12,2026-03-12 10:23:00,2026-03-12 10:24:00,2026-03-12 10:25:00,long,5206.5,5210.0,5198.5,5210.0,3.5,35.0,limit_touch,take_profit
2026-03-12,2026-03-12 10:49:00,2026-03-12 10:50:00,2026-03-12 10:52:00,long,5219.0,5223.0,5210.5,5223.0,4.0,40.0,limit_touch,take_profit
2026-03-12,2026-03-12 10:56:00,2026-03-12 11:01:00,2026-03-12 11:06:00,long,5228.0,5232.0,5219.0,5232.0,4.0,40.0,limit_touch,take_profit
2026-03-12,2026-03-12 12:14:00,2026-03-12 12:34:00,2026-03-12 12:36:00,long,5242.5,5247.0,5232.5,5247.0,4.5,45.0,limit_touch,take_profit
2026-03-13,2026-03-13 10:46:00,2026-03-13 10:49:00,2026-03-13 10:53:00,short,5246.0,5241.5,5256.0,5241.5,4.5,45.0,limit_touch,take_profit
2026-03-13,2026-03-13 10:56:00,2026-03-13 10:57:00,2026-03-13 11:10:00,short,5245.5,5255.5,5255.5,5241.0,-10.0,-100.0,limit_touch,stop_loss
2026-03-13,2026-03-13 11:57:00,2026-03-13 12:08:00,2026-03-13 12:17:00,long,5271.0,5276.0,5260.5,5276.0,5.0,50.0,limit_touch,take_profit
2026-03-13,2026-03-13 12:46:00,2026-03-13 12:47:00,2026-03-13 12:49:00,long,5299.0,5304.5,5287.5,5304.5,5.5,55.0,limit_touch,take_profit
2026-03-16,2026-03-16 10:58:00,2026-03-16 11:04:00,2026-03-16 11:08:00,short,5280.5,5275.0,5292.0,5275.0,5.5,55.0,limit_touch,take_profit
2026-03-17,2026-03-17 10:35:00,2026-03-17 10:53:00,2026-03-17 10:59:00,short,5224.0,5220.0,5232.5,5220.0,4.0,40.0,limit_touch,take_profit
2026-03-17,2026-03-17 11:09:00,2026-03-17 11:17:00,2026-03-17 11:19:00,short,5221.0,5217.0,5229.5,5217.0,4.0,40.0,limit_touch,take_profit
2026-03-18,2026-03-18 10:01:00,2026-03-18 10:20:00,2026-03-18 10:21:00,long,5236.0,5239.5,5228.0,5239.5,3.5,35.0,limit_touch,take_profit
2026-03-19,2026-03-19 10:13:00,2026-03-19 10:16:00,2026-03-19 10:18:00,long,5311.5,5298.5,5298.5,5317.5,-13.0,-130.0,limit_touch,stop_loss
2026-03-19,2026-03-19 12:18:00,2026-03-19 12:27:00,2026-03-19 12:56:00,short,5268.0,5261.5,5282.0,5261.5,6.5,65.0,limit_touch,take_profit
2026-03-20,2026-03-20 10:36:00,2026-03-20 10:43:00,2026-03-20 10:50:00,long,5283.0,5288.5,5271.0,5288.5,5.5,55.0,limit_touch,take_profit
2026-03-20,2026-03-20 11:21:00,2026-03-20 12:00:00,2026-03-20 12:03:00,long,5304.5,5310.0,5292.0,5310.0,5.5,55.0,limit_touch,take_profit
