number,value,datetime_start,datetime_complete,duration,params_ATR_Length,params_AllowFriday,params_AllowMonday,params_AllowThursday,params_AllowTuesday,params_AllowWednesday,params_EntryStart_TotalMinutes,params_FilterAsPercOfContractMARange,params_LastEntry_TotalMinutes,params_MinDirectionalTrendEfficiency15m,params_MinRelativeVolumeAtTime,params_MinSignalVolumeWindowSum,params_MinutesBeforeMarketCloseToClosePositions,params_NumDaysToConsiderPreviousContractMARange,params_RelativeVolumeFilterMode,params_RelativeVolumeLookbackDays,params_RetracementLevel,params_SL_ATRMultiplier,params_TP_ATRMultiplier,params_TrendEfficiencyFilterMode,params_TrendEfficiencyWindowMinutes,params_VolumeFilterMode,params_VolumeWindowMinutes,user_attrs_train_metrics,state
0,357.640984,2026-03-27 01:15:58.154189,2026-03-27 01:16:10.875841,0 days 00:00:12.721652,35,True,True,False,False,False,675,0.2,885,0.5,0.7,52500.0,5,4,long,15,0.19,1.4500000000000002,1.0,off,20,long,10,"{'start_date': '2021-03-23', 'end_date': '2024-09-16', 'trading_days': 872, 'total_trades': 170, 'win_rate': 0.6412, 'net_profit_brl': 3130.0, 'avg_profit_brl': 18.41, 'avg_win_brl': 115.0, 'avg_loss_brl': -156.75, 'profit_factor': 1.3328, 'max_drawdown_pct': 8.75, 'expected_payoff': 18.41, 'on_tester_value': 357.640984}",COMPLETE
1,-984.0,2026-03-27 01:16:10.875907,2026-03-27 01:16:23.223267,0 days 00:00:12.347360,10,True,False,True,False,False,575,0.45000000000000007,785,0.45,2.2,67500.0,13,8,both,10,0.37,1.3,0.25,short,15,off,10,"{'start_date': '2021-03-23', 'end_date': '2024-09-16', 'trading_days': 872, 'total_trades': 16, 'win_rate': 0.875, 'net_profit_brl': 160.0, 'avg_profit_brl': 10.0, 'avg_win_brl': 35.0, 'avg_loss_brl': -165.0, 'profit_factor': 1.4848, 'max_drawdown_pct': 2.03, 'expected_payoff': 10.0, 'on_tester_value': 78.673171}",COMPLETE
2,-993.0,2026-03-27 01:16:23.223394,2026-03-27 01:16:35.522336,0 days 00:00:12.298942,12,True,False,True,False,False,795,0.5,805,0.25,1.25,75000.0,5,5,short,20,0.13,1.25,0.30000000000000004,off,25,off,20,"{'start_date': '2021-03-23', 'end_date': '2024-09-16', 'trading_days': 872, 'total_trades': 7, 'win_rate': 0.7143, 'net_profit_brl': -165.0, 'avg_profit_brl': -23.57, 'avg_win_brl': 38.0, 'avg_loss_brl': -177.5, 'profit_factor': 0.5352, 'max_drawdown_pct': 2.84, 'expected_payoff': -23.57, 'on_tester_value': -58.184211}",COMPLETE
3,35.820896,2026-03-27 01:16:35.522398,2026-03-27 01:16:47.446590,0 days 00:00:11.924192,28,False,False,True,True,False,595,0.30000000000000004,875,0.8,1.05,27500.0,8,7,off,35,0.36,0.75,0.1,short,15,long,30,"{'start_date': '2021-03-23', 'end_date': '2024-09-16', 'trading_days': 872, 'total_trades': 283, 'win_rate': 0.9046, 'net_profit_brl': 240.0, 'avg_profit_brl': 0.85, 'avg_win_brl': 10.94, 'avg_loss_brl': -94.81, 'profit_factor': 1.0938, 'max_drawdown_pct': 6.7, 'expected_payoff': 0.85, 'on_tester_value': 35.820896}",COMPLETE
4,89.666722,2026-03-27 01:16:47.446633,2026-03-27 01:16:59.733291,0 days 00:00:12.286658,37,False,True,False,True,False,555,0.4,640,0.55,1.15,77500.0,4,6,long,15,0.12000000000000001,0.6,0.9500000000000001,off,10,off,15,"{'start_date': '2021-03-23', 'end_date': '2024-09-16', 'trading_days': 872, 'total_trades': 325, 'win_rate': 0.4154, 'net_profit_brl': 1085.0, 'avg_profit_brl': 3.34, 'avg_win_brl': 104.26, 'avg_loss_brl': -68.37, 'profit_factor': 1.0835, 'max_drawdown_pct': 12.1, 'expected_payoff': 3.34, 'on_tester_value': 89.666722}",COMPLETE
5,-981.0,2026-03-27 01:16:59.733348,2026-03-27 01:17:12.181899,0 days 00:00:12.448551,30,False,False,False,True,False,780,0.45000000000000007,835,0.15000000000000002,1.8000000000000003,25000.0,9,6,short,25,0.12000000000000001,1.15,0.9,off,25,long,25,"{'start_date': '2021-03-23', 'end_date': '2024-09-16', 'trading_days': 872, 'total_trades': 19, 'win_rate': 0.2632, 'net_profit_brl': -1015.0, 'avg_profit_brl': -53.42, 'avg_win_brl': 112.0, 'avg_loss_brl': -112.5, 'profit_factor': 0.3556, 'max_drawdown_pct': 12.05, 'expected_payoff': -53.42, 'on_tester_value': -84.232365}",COMPLETE
6,-15.982238,2026-03-27 01:17:12.181947,2026-03-27 01:17:25.179722,0 days 00:00:12.997775,31,True,False,True,True,True,570,0.25,670,0.25,0.85,70000.0,9,3,both,25,0.30000000000000004,1.05,0.9500000000000001,short,30,off,15,"{'start_date': '2021-03-23', 'end_date': '2024-09-16', 'trading_days': 872, 'total_trades': 705, 'win_rate': 0.5277, 'net_profit_brl': -440.0, 'avg_profit_brl': -0.62, 'avg_win_brl': 106.87, 'avg_loss_brl': -120.71, 'profit_factor': 0.9891, 'max_drawdown_pct': 27.53, 'expected_payoff': -0.62, 'on_tester_value': -15.982238}",COMPLETE
7,980.795848,2026-03-27 01:17:25.179768,2026-03-27 01:17:37.819961,0 days 00:00:12.640193,13,True,True,True,False,True,575,0.5,760,0.45,0.65,52500.0,8,6,both,10,0.25,1.35,0.4,off,20,off,15,"{'start_date': '2021-03-23', 'end_date': '2024-09-16', 'trading_days': 872, 'total_trades': 940, 'win_rate': 0.8106, 'net_profit_brl': 8655.0, 'avg_profit_brl': 9.21, 'avg_win_brl': 51.31, 'avg_loss_brl': -171.04, 'profit_factor': 1.2843, 'max_drawdown_pct': 8.82, 'expected_payoff': 9.21, 'on_tester_value': 980.795848}",COMPLETE
8,771.572345,2026-03-27 01:17:37.820007,2026-03-27 01:17:50.754682,0 days 00:00:12.934675,33,True,True,False,True,True,820,0.30000000000000004,615,0.8,1.25,50000.0,1,3,short,40,0.1,0.75,0.4,off,15,both,25,"{'start_date': '2021-03-23', 'end_date': '2024-09-16', 'trading_days': 872, 'total_trades': 1046, 'win_rate': 0.6902, 'net_profit_brl': 5305.0, 'avg_profit_brl': 5.07, 'avg_win_brl': 48.83, 'avg_loss_brl': -92.44, 'profit_factor': 1.1771, 'max_drawdown_pct': 6.88, 'expected_payoff': 5.07, 'on_tester_value': 771.572345}",COMPLETE
9,39.496988,2026-03-27 01:17:50.754725,2026-03-27 01:18:03.500357,0 days 00:00:12.745632,16,True,False,False,True,False,580,0.15,555,0.5,1.2000000000000002,47500.0,2,5,both,60,0.29000000000000004,1.5,0.9500000000000001,long,15,long,20,"{'start_date': '2021-03-23', 'end_date': '2024-09-16', 'trading_days': 872, 'total_trades': 50, 'win_rate': 0.66, 'net_profit_brl': 310.0, 'avg_profit_brl': 6.2, 'avg_win_brl': 114.7, 'avg_loss_brl': -204.41, 'profit_factor': 1.0892, 'max_drawdown_pct': 7.85, 'expected_payoff': 6.2, 'on_tester_value': 39.496988}",COMPLETE
10,-966.0,2026-03-27 01:18:03.500404,2026-03-27 01:18:15.416458,0 days 00:00:11.916054,37,True,False,True,False,True,575,0.4,545,0.6000000000000001,1.4,15000.0,6,7,both,55,0.18,1.35,0.4,long,20,off,25,"{'start_date': '2021-03-23', 'end_date': '2024-09-16', 'trading_days': 872, 'total_trades': 34, 'win_rate': 0.8529, 'net_profit_brl': 575.0, 'avg_profit_brl': 16.91, 'avg_win_brl': 51.72, 'avg_loss_brl': -185.0, 'profit_factor': 1.6216, 'max_drawdown_pct': 4.27, 'expected_payoff': 16.91, 'on_tester_value': 134.563218}",COMPLETE
11,11.099642,2026-03-27 01:18:15.416514,2026-03-27 01:18:28.069885,0 days 00:00:12.653371,21,True,False,False,False,True,540,0.45000000000000007,870,0.55,0.7,67500.0,6,3,both,45,0.25,0.55,1.0,both,10,long,10,"{'start_date': '2021-03-23', 'end_date': '2024-09-16', 'trading_days': 872, 'total_trades': 234, 'win_rate': 0.3504, 'net_profit_brl': 140.0, 'avg_profit_brl': 0.6, 'avg_win_brl': 127.62, 'avg_loss_brl': -67.93, 'profit_factor': 1.0136, 'max_drawdown_pct': 12.61, 'expected_payoff': 0.6, 'on_tester_value': 11.099642}",COMPLETE
12,-971.0,2026-03-27 01:18:28.069931,2026-03-27 01:18:40.058364,0 days 00:00:11.988433,26,True,False,True,False,True,835,0.15,885,0.0,0.7,47500.0,10,3,long,60,0.13,1.05,1.0,off,30,both,30,"{'start_date': '2021-03-23', 'end_date': '2024-09-16', 'trading_days': 872, 'total_trades': 29, 'win_rate': 0.4138, 'net_profit_brl': -750.0, 'avg_profit_brl': -25.86, 'avg_win_brl': 132.08, 'avg_loss_brl': -137.35, 'profit_factor': 0.6788, 'max_drawdown_pct': 8.91, 'expected_payoff': -25.86, 'on_tester_value': -84.157459}",COMPLETE
13,-12.889831,2026-03-27 01:18:40.058412,2026-03-27 01:18:52.257936,0 days 00:00:12.199524,21,True,False,True,True,False,790,0.25,705,0.6000000000000001,2.0,40000.0,13,6,off,60,0.12000000000000001,0.5,0.1,short,30,long,25,"{'start_date': '2021-03-23', 'end_date': '2024-09-16', 'trading_days': 872, 'total_trades': 172, 'win_rate': 0.8372, 'net_profit_brl': -75.0, 'avg_profit_brl': -0.44, 'avg_win_brl': 12.36, 'avg_loss_brl': -66.25, 'profit_factor': 0.9596, 'max_drawdown_pct': 5.82, 'expected_payoff': -0.44, 'on_tester_value': -12.889831}",COMPLETE
14,63.131868,2026-03-27 01:18:52.257979,2026-03-27 01:19:05.298296,0 days 00:00:13.040317,27,True,True,True,False,False,900,0.5,590,0.05,1.4500000000000002,47500.0,14,6,both,50,0.33,1.35,0.6,short,15,off,25,"{'start_date': '2021-03-23', 'end_date': '2024-09-16', 'trading_days': 872, 'total_trades': 115, 'win_rate': 0.7043, 'net_profit_brl': 750.0, 'avg_profit_brl': 6.52, 'avg_win_brl': 80.56, 'avg_loss_brl': -169.85, 'profit_factor': 1.1299, 'max_drawdown_pct': 11.88, 'expected_payoff': 6.52, 'on_tester_value': 63.131868}",COMPLETE
15,236.714634,2026-03-27 01:19:05.298340,2026-03-27 01:19:17.135640,0 days 00:00:11.837300,14,False,False,True,False,False,685,0.25,585,0.25,0.8,25000.0,10,6,both,10,0.33999999999999997,0.6,0.2,long,20,both,25,"{'start_date': '2021-03-23', 'end_date': '2024-09-16', 'trading_days': 872, 'total_trades': 142, 'win_rate': 0.7958, 'net_profit_brl': 865.0, 'avg_profit_brl': 6.09, 'avg_win_brl': 26.19, 'avg_loss_brl': -72.24, 'profit_factor': 1.4129, 'max_drawdown_pct': 3.65, 'expected_payoff': 6.09, 'on_tester_value': 236.714634}",COMPLETE
16,-967.0,2026-03-27 01:19:17.135697,2026-03-27 01:19:29.439379,0 days 00:00:12.303682,33,False,True,True,True,False,605,0.2,665,0.15000000000000002,1.6,35000.0,1,5,both,35,0.25,0.8500000000000001,0.5,off,25,both,15,"{'start_date': '2021-03-23', 'end_date': '2024-09-16', 'trading_days': 872, 'total_trades': 33, 'win_rate': 0.697, 'net_profit_brl': 165.0, 'avg_profit_brl': 5.0, 'avg_win_brl': 53.04, 'avg_loss_brl': -105.5, 'profit_factor': 1.1564, 'max_drawdown_pct': 2.54, 'expected_payoff': 5.0, 'on_tester_value': 65.016346}",COMPLETE
17,294.454745,2026-03-27 01:19:29.439425,2026-03-27 01:19:41.905046,0 days 00:00:12.465621,13,True,False,False,True,False,630,0.25,800,0.30000000000000004,2.2,50000.0,3,3,off,25,0.37,1.1,0.30000000000000004,off,15,long,25,"{'start_date': '2021-03-23', 'end_date': '2024-09-16', 'trading_days': 872, 'total_trades': 239, 'win_rate': 0.8201, 'net_profit_brl': 1690.0, 'avg_profit_brl': 7.07, 'avg_win_brl': 37.58, 'avg_loss_brl': -131.98, 'profit_factor': 1.2978, 'max_drawdown_pct': 5.74, 'expected_payoff': 7.07, 'on_tester_value': 294.454745}",COMPLETE
18,-1000.0,2026-03-27 01:19:41.905093,2026-03-27 01:19:53.560635,0 days 00:00:11.655542,11,False,False,False,False,False,625,0.45000000000000007,595,0.05,0.85,30000.0,6,4,short,40,0.15000000000000002,1.0,0.6,both,15,both,25,"{'start_date': '2021-03-23', 'end_date': '2024-09-16', 'trading_days': 872, 'total_trades': 0, 'win_rate': 0.0, 'net_profit_brl': 0.0, 'avg_profit_brl': 0.0, 'avg_win_brl': 0.0, 'avg_loss_brl': 0.0, 'profit_factor': 0.0, 'max_drawdown_pct': 0.0, 'expected_payoff': 0.0, 'on_tester_value': 0.0}",COMPLETE
19,-984.0,2026-03-27 01:19:53.560679,2026-03-27 01:20:06.086639,0 days 00:00:12.525960,23,True,True,False,False,False,585,0.5,560,0.65,2.0,47500.0,6,3,short,25,0.32,0.9,0.85,off,10,long,25,"{'start_date': '2021-03-23', 'end_date': '2024-09-16', 'trading_days': 872, 'total_trades': 16, 'win_rate': 0.6875, 'net_profit_brl': 590.0, 'avg_profit_brl': 36.88, 'avg_win_brl': 105.45, 'avg_loss_brl': -114.0, 'profit_factor': 2.0351, 'max_drawdown_pct': 2.35, 'expected_payoff': 36.88, 'on_tester_value': 250.868}",COMPLETE
20,4.776119,2026-03-27 01:20:06.086687,2026-03-27 01:20:18.194551,0 days 00:00:12.107864,14,False,False,True,True,True,705,0.2,650,0.25,0.8,17500.0,4,7,long,55,0.29000000000000004,0.9,0.85,both,30,short,30,"{'start_date': '2021-03-23', 'end_date': '2024-09-16', 'trading_days': 872, 'total_trades': 124, 'win_rate': 0.5161, 'net_profit_brl': 80.0, 'avg_profit_brl': 0.65, 'avg_win_brl': 105.16, 'avg_loss_brl': -110.83, 'profit_factor': 1.012, 'max_drawdown_pct': 16.75, 'expected_payoff': 0.65, 'on_tester_value': 4.776119}",COMPLETE
21,-1000.0,2026-03-27 01:20:18.194597,2026-03-27 01:20:30.096127,0 days 00:00:11.901530,13,False,False,True,True,False,800,0.35,800,0.6000000000000001,0.75,75000.0,14,6,short,30,0.28,1.5,0.85,long,20,short,30,"{'start_date': '2021-03-23', 'end_date': '2024-09-16', 'trading_days': 872, 'total_trades': 0, 'win_rate': 0.0, 'net_profit_brl': 0.0, 'avg_profit_brl': 0.0, 'avg_win_brl': 0.0, 'avg_loss_brl': 0.0, 'profit_factor': 0.0, 'max_drawdown_pct': 0.0, 'expected_payoff': 0.0, 'on_tester_value': 0.0}",COMPLETE
22,76.402299,2026-03-27 01:20:30.096173,2026-03-27 01:20:42.319199,0 days 00:00:12.223026,28,True,True,False,False,False,855,0.4,725,0.15000000000000002,0.7,20000.0,2,5,long,30,0.16,1.5,0.55,off,25,off,30,"{'start_date': '2021-03-23', 'end_date': '2024-09-16', 'trading_days': 872, 'total_trades': 204, 'win_rate': 0.7549, 'net_profit_brl': 1150.0, 'avg_profit_brl': 5.64, 'avg_win_brl': 67.6, 'avg_loss_brl': -185.2, 'profit_factor': 1.1242, 'max_drawdown_pct': 15.05, 'expected_payoff': 5.64, 'on_tester_value': 76.402299}",COMPLETE
23,708.175893,2026-03-27 01:20:42.319243,2026-03-27 01:20:54.876394,0 days 00:00:12.557151,30,True,False,False,True,True,810,0.35,615,0.15000000000000002,0.75,57500.0,4,3,long,10,0.15000000000000002,1.3,0.25,off,10,both,15,"{'start_date': '2021-03-23', 'end_date': '2024-09-16', 'trading_days': 872, 'total_trades': 291, 'win_rate': 0.9003, 'net_profit_brl': 3635.0, 'avg_profit_brl': 12.49, 'avg_win_brl': 33.97, 'avg_loss_brl': -181.55, 'profit_factor': 1.6904, 'max_drawdown_pct': 5.13, 'expected_payoff': 12.49, 'on_tester_value': 708.175893}",COMPLETE
24,539.697561,2026-03-27 01:20:54.876442,2026-03-27 01:21:07.229618,0 days 00:00:12.353176,33,True,True,False,False,True,885,0.4,670,0.7000000000000001,1.4,65000.0,1,3,short,35,0.1,0.8,0.45000000000000007,off,15,off,30,"{'start_date': '2021-03-23', 'end_date': '2024-09-16', 'trading_days': 872, 'total_trades': 593, 'win_rate': 0.6863, 'net_profit_brl': 4280.0, 'avg_profit_brl': 7.22, 'avg_win_brl': 53.75, 'avg_loss_brl': -94.6, 'profit_factor': 1.2433, 'max_drawdown_pct': 7.93, 'expected_payoff': 7.22, 'on_tester_value': 539.697561}",COMPLETE
25,600.515254,2026-03-27 01:21:07.229665,2026-03-27 01:21:20.342359,0 days 00:00:13.112694,18,True,True,False,False,True,595,0.5,785,0.15000000000000002,0.6,55000.0,6,5,both,10,0.27,1.2000000000000002,0.4,off,25,off,15,"{'start_date': '2021-03-23', 'end_date': '2024-09-16', 'trading_days': 872, 'total_trades': 574, 'win_rate': 0.7909, 'net_profit_brl': 5190.0, 'avg_profit_brl': 9.04, 'avg_win_brl': 49.35, 'avg_loss_brl': -143.46, 'profit_factor': 1.3015, 'max_drawdown_pct': 8.64, 'expected_payoff': 9.04, 'on_tester_value': 600.515254}",COMPLETE
26,522.383333,2026-03-27 01:21:20.342435,2026-03-27 01:21:33.272801,0 days 00:00:12.930366,39,False,False,False,True,True,760,0.30000000000000004,610,0.1,0.95,65000.0,5,3,long,10,0.11,1.15,0.1,off,20,both,20,"{'start_date': '2021-03-23', 'end_date': '2024-09-16', 'trading_days': 872, 'total_trades': 382, 'win_rate': 0.9529, 'net_profit_brl': 1950.0, 'avg_profit_brl': 5.1, 'avg_win_brl': 12.76, 'avg_loss_brl': -149.72, 'profit_factor': 1.7236, 'max_drawdown_pct': 3.73, 'expected_payoff': 5.1, 'on_tester_value': 522.383333}",COMPLETE
27,428.027778,2026-03-27 01:21:33.272866,2026-03-27 01:21:45.577223,0 days 00:00:12.304357,28,True,False,True,True,True,855,0.4,655,0.45,0.85,57500.0,6,4,long,25,0.23,1.3,0.30000000000000004,off,10,both,15,"{'start_date': '2021-03-23', 'end_date': '2024-09-16', 'trading_days': 872, 'total_trades': 116, 'win_rate': 0.8879, 'net_profit_brl': 1900.0, 'avg_profit_brl': 16.38, 'avg_win_brl': 42.33, 'avg_loss_brl': -189.23, 'profit_factor': 1.7724, 'max_drawdown_pct': 4.44, 'expected_payoff': 16.38, 'on_tester_value': 428.027778}",COMPLETE
28,109.507518,2026-03-27 01:21:45.577282,2026-03-27 01:21:58.438637,0 days 00:00:12.861355,29,True,True,False,True,True,810,0.2,540,0.7000000000000001,1.15,45000.0,3,3,both,50,0.18,0.55,0.7000000000000001,off,15,both,20,"{'start_date': '2021-03-23', 'end_date': '2024-09-16', 'trading_days': 872, 'total_trades': 1010, 'win_rate': 0.4673, 'net_profit_brl': 3755.0, 'avg_profit_brl': 3.72, 'avg_win_brl': 83.98, 'avg_loss_brl': -66.7, 'profit_factor': 1.1046, 'max_drawdown_pct': 34.29, 'expected_payoff': 3.72, 'on_tester_value': 109.507518}",COMPLETE
29,-991.0,2026-03-27 01:21:58.438684,2026-03-27 01:22:10.401644,0 days 00:00:11.962960,11,True,True,True,False,True,640,0.5,685,0.7000000000000001,0.85,60000.0,9,6,both,15,0.32,1.5,0.15000000000000002,off,10,both,10,"{'start_date': '2021-03-23', 'end_date': '2024-09-16', 'trading_days': 872, 'total_trades': 9, 'win_rate': 0.6667, 'net_profit_brl': -595.0, 'avg_profit_brl': -66.11, 'avg_win_brl': 27.5, 'avg_loss_brl': -253.33, 'profit_factor': 0.2171, 'max_drawdown_pct': 7.22, 'expected_payoff': -66.11, 'on_tester_value': -82.403425}",COMPLETE
30,508.75,2026-03-27 01:22:10.401691,2026-03-27 01:22:22.769863,0 days 00:00:12.368172,27,True,False,False,True,True,825,0.30000000000000004,615,0.65,1.3,45000.0,1,4,long,45,0.17,0.9,0.1,short,15,both,25,"{'start_date': '2021-03-23', 'end_date': '2024-09-16', 'trading_days': 872, 'total_trades': 230, 'win_rate': 0.9391, 'net_profit_brl': 1050.0, 'avg_profit_brl': 4.57, 'avg_win_brl': 12.11, 'avg_loss_brl': -111.79, 'profit_factor': 1.6709, 'max_drawdown_pct': 2.06, 'expected_payoff': 4.57, 'on_tester_value': 508.75}",COMPLETE
31,500.143333,2026-03-27 01:22:22.769912,2026-03-27 01:22:35.558460,0 days 00:00:12.788548,17,False,True,False,False,True,550,0.5,705,0.2,0.8,50000.0,3,5,both,15,0.26,1.25,0.5,off,25,off,15,"{'start_date': '2021-03-23', 'end_date': '2024-09-16', 'trading_days': 872, 'total_trades': 323, 'win_rate': 0.7647, 'net_profit_brl': 3725.0, 'avg_profit_brl': 11.53, 'avg_win_brl': 59.8, 'avg_loss_brl': -145.33, 'profit_factor': 1.3373, 'max_drawdown_pct': 7.45, 'expected_payoff': 11.53, 'on_tester_value': 500.143333}",COMPLETE
32,378.27587,2026-03-27 01:22:35.558516,2026-03-27 01:22:47.588459,0 days 00:00:12.029943,11,False,True,True,False,True,585,0.5,845,0.65,0.95,70000.0,12,7,both,20,0.23,1.0,0.45000000000000007,off,25,off,15,"{'start_date': '2021-03-23', 'end_date': '2024-09-16', 'trading_days': 872, 'total_trades': 676, 'win_rate': 0.7249, 'net_profit_brl': 4335.0, 'avg_profit_brl': 6.41, 'avg_win_brl': 59.87, 'avg_loss_brl': -134.41, 'profit_factor': 1.1734, 'max_drawdown_pct': 11.46, 'expected_payoff': 6.41, 'on_tester_value': 378.27587}",COMPLETE
33,613.878505,2026-03-27 01:22:47.588505,2026-03-27 01:22:59.771627,0 days 00:00:12.183122,16,True,False,False,True,False,640,0.45000000000000007,835,0.1,0.75,75000.0,7,4,both,10,0.29000000000000004,1.25,0.4,off,20,off,10,"{'start_date': '2021-03-23', 'end_date': '2024-09-16', 'trading_days': 872, 'total_trades': 283, 'win_rate': 0.8021, 'net_profit_brl': 3020.0, 'avg_profit_brl': 10.67, 'avg_win_brl': 49.49, 'avg_loss_brl': -146.7, 'profit_factor': 1.3676, 'max_drawdown_pct': 4.92, 'expected_payoff': 10.67, 'on_tester_value': 613.878505}",COMPLETE
34,-976.0,2026-03-27 01:22:59.771672,2026-03-27 01:23:10.983767,0 days 00:00:11.212095,16,True,False,False,True,False,580,0.45000000000000007,775,0.2,1.25,67500.0,4,3,off,15,0.30000000000000004,1.3,0.55,both,20,both,10,"{'start_date': '2021-03-23', 'end_date': '2024-09-16', 'trading_days': 872, 'total_trades': 24, 'win_rate': 0.625, 'net_profit_brl': -625.0, 'avg_profit_brl': -26.04, 'avg_win_brl': 83.33, 'avg_loss_brl': -208.33, 'profit_factor': 0.6667, 'max_drawdown_pct': 9.06, 'expected_payoff': -26.04, 'on_tester_value': -68.956044}",COMPLETE
35,11.198065,2026-03-27 01:23:10.983822,2026-03-27 01:23:23.000039,0 days 00:00:12.016217,11,True,False,False,True,False,750,0.35,850,0.05,0.75,75000.0,3,4,both,10,0.26,1.25,0.25,long,30,off,10,"{'start_date': '2021-03-23', 'end_date': '2024-09-16', 'trading_days': 872, 'total_trades': 65, 'win_rate': 0.8462, 'net_profit_brl': 85.0, 'avg_profit_brl': 1.31, 'avg_win_brl': 30.64, 'avg_loss_brl': -160.0, 'profit_factor': 1.0531, 'max_drawdown_pct': 7.59, 'expected_payoff': 1.31, 'on_tester_value': 11.198065}",COMPLETE
36,-977.0,2026-03-27 01:23:23.000117,2026-03-27 01:23:34.977505,0 days 00:00:11.977388,33,True,False,False,False,True,815,0.4,610,0.15000000000000002,0.9,60000.0,8,4,short,10,0.11,1.15,0.25,off,10,both,10,"{'start_date': '2021-03-23', 'end_date': '2024-09-16', 'trading_days': 872, 'total_trades': 23, 'win_rate': 0.7826, 'net_profit_brl': -60.0, 'avg_profit_brl': -2.61, 'avg_win_brl': 33.06, 'avg_loss_brl': -131.0, 'profit_factor': 0.9084, 'max_drawdown_pct': 3.26, 'expected_payoff': -2.61, 'on_tester_value': -18.402985}",COMPLETE
37,2015.553109,2026-03-27 01:23:34.977552,2026-03-27 01:23:47.024347,0 days 00:00:12.046795,20,True,False,False,True,True,880,0.25,600,0.0,0.85,40000.0,9,4,long,20,0.15000000000000002,1.25,0.2,long,10,both,25,"{'start_date': '2021-03-23', 'end_date': '2024-09-16', 'trading_days': 872, 'total_trades': 1481, 'win_rate': 0.9075, 'net_profit_brl': 11175.0, 'avg_profit_brl': 7.55, 'avg_win_brl': 24.03, 'avg_loss_brl': -154.16, 'profit_factor': 1.5291, 'max_drawdown_pct': 5.54, 'expected_payoff': 7.55, 'on_tester_value': 2015.553109}",COMPLETE
38,505.178947,2026-03-27 01:23:47.024412,2026-03-27 01:23:59.347825,0 days 00:00:12.323413,13,True,False,False,True,True,890,0.30000000000000004,620,0.1,0.85,37500.0,14,5,short,35,0.17,0.95,0.2,long,10,both,20,"{'start_date': '2021-03-23', 'end_date': '2024-09-16', 'trading_days': 872, 'total_trades': 940, 'win_rate': 0.85, 'net_profit_brl': 4285.0, 'avg_profit_brl': 4.56, 'avg_win_brl': 26.04, 'avg_loss_brl': -117.16, 'profit_factor': 1.2594, 'max_drawdown_pct': 8.48, 'expected_payoff': 4.56, 'on_tester_value': 505.178947}",COMPLETE
39,594.004844,2026-03-27 01:23:59.347869,2026-03-27 01:24:11.124552,0 days 00:00:11.776683,32,True,False,False,True,False,770,0.35,595,0.2,0.75,40000.0,2,3,long,10,0.17,1.35,0.5,short,15,both,20,"{'start_date': '2021-03-23', 'end_date': '2024-09-16', 'trading_days': 872, 'total_trades': 703, 'win_rate': 0.7781, 'net_profit_brl': 7705.0, 'avg_profit_brl': 10.96, 'avg_win_brl': 59.84, 'avg_loss_brl': -160.42, 'profit_factor': 1.3079, 'max_drawdown_pct': 12.97, 'expected_payoff': 10.96, 'on_tester_value': 594.004844}",COMPLETE
40,472.704082,2026-03-27 01:24:11.124595,2026-03-27 01:24:23.609647,0 days 00:00:12.485052,12,True,False,False,True,True,840,0.15,635,0.15000000000000002,1.0,42500.0,7,3,long,15,0.16,1.35,0.45000000000000007,both,10,both,20,"{'start_date': '2021-03-23', 'end_date': '2024-09-16', 'trading_days': 872, 'total_trades': 620, 'win_rate': 0.7903, 'net_profit_brl': 5450.0, 'avg_profit_brl': 8.79, 'avg_win_brl': 60.84, 'avg_loss_brl': -187.38, 'profit_factor': 1.2237, 'max_drawdown_pct': 11.53, 'expected_payoff': 8.79, 'on_tester_value': 472.704082}",COMPLETE
41,587.839095,2026-03-27 01:24:23.609697,2026-03-27 01:24:35.815345,0 days 00:00:12.205648,20,True,False,False,True,False,620,0.4,820,0.15000000000000002,0.7,67500.0,9,4,both,20,0.25,1.2000000000000002,0.6,off,10,off,20,"{'start_date': '2021-03-23', 'end_date': '2024-09-16', 'trading_days': 872, 'total_trades': 472, 'win_rate': 0.7267, 'net_profit_brl': 6490.0, 'avg_profit_brl': 13.75, 'avg_win_brl': 71.88, 'avg_loss_brl': -140.81, 'profit_factor': 1.3573, 'max_drawdown_pct': 11.04, 'expected_payoff': 13.75, 'on_tester_value': 587.839095}",COMPLETE
42,486.567164,2026-03-27 01:24:35.815392,2026-03-27 01:24:48.584221,0 days 00:00:12.768829,25,True,True,False,True,True,830,0.4,710,0.8,0.65,40000.0,3,4,short,45,0.15000000000000002,0.55,0.15000000000000002,off,10,both,25,"{'start_date': '2021-03-23', 'end_date': '2024-09-16', 'trading_days': 872, 'total_trades': 388, 'win_rate': 0.8376, 'net_profit_brl': 1630.0, 'avg_profit_brl': 4.2, 'avg_win_brl': 19.14, 'avg_loss_brl': -72.86, 'profit_factor': 1.3551, 'max_drawdown_pct': 3.35, 'expected_payoff': 4.2, 'on_tester_value': 486.567164}",COMPLETE
43,487.676768,2026-03-27 01:24:48.584267,2026-03-27 01:25:00.575005,0 days 00:00:11.990738,23,True,False,True,True,True,825,0.25,660,0.05,1.1,37500.0,6,5,short,20,0.11,1.4500000000000002,0.1,long,10,both,25,"{'start_date': '2021-03-23', 'end_date': '2024-09-16', 'trading_days': 872, 'total_trades': 944, 'win_rate': 0.9608, 'net_profit_brl': 4250.0, 'avg_profit_brl': 4.5, 'avg_win_brl': 12.76, 'avg_loss_brl': -197.97, 'profit_factor': 1.5802, 'max_drawdown_pct': 8.71, 'expected_payoff': 4.5, 'on_tester_value': 487.676768}",COMPLETE
44,698.44086,2026-03-27 01:25:00.575050,2026-03-27 01:25:12.087906,0 days 00:00:11.512856,10,True,True,True,False,True,550,0.5,725,0.5,0.6,30000.0,14,6,short,10,0.2,1.25,0.45000000000000007,off,20,off,10,"{'start_date': '2021-03-23', 'end_date': '2024-09-16', 'trading_days': 872, 'total_trades': 1218, 'win_rate': 0.7726, 'net_profit_brl': 11000.0, 'avg_profit_brl': 9.03, 'avg_win_brl': 59.51, 'avg_loss_brl': -162.45, 'profit_factor': 1.2444, 'max_drawdown_pct': 15.75, 'expected_payoff': 9.03, 'on_tester_value': 698.44086}",COMPLETE
45,358.526316,2026-03-27 01:25:12.087958,2026-03-27 01:25:22.751814,0 days 00:00:10.663856,11,True,True,True,False,True,570,0.5,730,0.65,0.7,25000.0,13,7,short,10,0.14,1.2000000000000002,0.25,both,20,off,10,"{'start_date': '2021-03-23', 'end_date': '2024-09-16', 'trading_days': 872, 'total_trades': 134, 'win_rate': 0.8955, 'net_profit_brl': 1965.0, 'avg_profit_brl': 14.66, 'avg_win_brl': 35.75, 'avg_loss_brl': -166.07, 'profit_factor': 1.8452, 'max_drawdown_pct': 5.48, 'expected_payoff': 14.66, 'on_tester_value': 358.526316}",COMPLETE
46,113.010268,2026-03-27 01:25:22.751857,2026-03-27 01:25:35.347282,0 days 00:00:12.595425,19,False,True,True,False,True,560,0.45000000000000007,675,0.30000000000000004,0.8,35000.0,13,6,long,15,0.1,1.25,0.65,off,25,off,10,"{'start_date': '2021-03-23', 'end_date': '2024-09-16', 'trading_days': 872, 'total_trades': 771, 'win_rate': 0.6848, 'net_profit_brl': 2970.0, 'avg_profit_brl': 3.85, 'avg_win_brl': 74.78, 'avg_loss_brl': -150.27, 'profit_factor': 1.0813, 'max_drawdown_pct': 26.28, 'expected_payoff': 3.85, 'on_tester_value': 113.010268}",COMPLETE
47,321.056404,2026-03-27 01:25:35.347328,2026-03-27 01:25:47.708602,0 days 00:00:12.361274,10,True,False,True,True,True,560,0.45000000000000007,800,0.7000000000000001,0.8,30000.0,14,7,short,20,0.21000000000000002,1.1,0.6,off,25,short,10,"{'start_date': '2021-03-23', 'end_date': '2024-09-16', 'trading_days': 872, 'total_trades': 1354, 'win_rate': 0.6824, 'net_profit_brl': 8345.0, 'avg_profit_brl': 6.16, 'avg_win_brl': 78.45, 'avg_loss_brl': -149.17, 'profit_factor': 1.1301, 'max_drawdown_pct': 25.99, 'expected_payoff': 6.16, 'on_tester_value': 321.056404}",COMPLETE
48,340.833962,2026-03-27 01:25:47.708666,2026-03-27 01:25:59.041193,0 days 00:00:11.332527,24,True,False,True,False,True,595,0.4,755,0.5,0.7,57500.0,4,7,long,15,0.27,1.4500000000000002,0.35,long,20,off,10,"{'start_date': '2021-03-23', 'end_date': '2024-09-16', 'trading_days': 872, 'total_trades': 472, 'win_rate': 0.8326, 'net_profit_brl': 3220.0, 'avg_profit_brl': 6.82, 'avg_win_brl': 43.12, 'avg_loss_brl': -173.73, 'profit_factor': 1.2346, 'max_drawdown_pct': 9.45, 'expected_payoff': 6.82, 'on_tester_value': 340.833962}",COMPLETE
49,1220.905923,2026-03-27 01:25:59.041239,2026-03-27 01:26:11.713391,0 days 00:00:12.672152,12,True,True,True,False,True,605,0.4,865,0.45,0.6,55000.0,8,6,both,25,0.25,1.4500000000000002,0.5,long,15,short,20,"{'start_date': '2021-03-23', 'end_date': '2024-09-16', 'trading_days': 872, 'total_trades': 685, 'win_rate': 0.7912, 'net_profit_brl': 9600.0, 'avg_profit_brl': 14.01, 'avg_win_brl': 67.89, 'avg_loss_brl': -190.17, 'profit_factor': 1.353, 'max_drawdown_pct': 7.86, 'expected_payoff': 14.01, 'on_tester_value': 1220.905923}",COMPLETE
50,1366.588531,2026-03-27 01:26:11.713438,2026-03-27 01:26:23.539530,0 days 00:00:11.826092,14,True,True,True,False,True,565,0.25,820,0.5,0.6,50000.0,6,8,short,25,0.25,1.5,0.5,long,15,short,20,"{'start_date': '2021-03-23', 'end_date': '2024-09-16', 'trading_days': 872, 'total_trades': 1206, 'win_rate': 0.7952, 'net_profit_brl': 14595.0, 'avg_profit_brl': 12.1, 'avg_win_brl': 63.72, 'avg_loss_brl': -188.32, 'profit_factor': 1.3138, 'max_drawdown_pct': 10.68, 'expected_payoff': 12.1, 'on_tester_value': 1366.588531}",COMPLETE
51,306.795161,2026-03-27 01:26:23.539572,2026-03-27 01:26:35.388457,0 days 00:00:11.848885,14,True,True,True,False,True,645,0.5,805,0.4,0.95,30000.0,4,6,both,10,0.2,1.4500000000000002,0.25,long,10,short,20,"{'start_date': '2021-03-23', 'end_date': '2024-09-16', 'trading_days': 872, 'total_trades': 507, 'win_rate': 0.8718, 'net_profit_brl': 3015.0, 'avg_profit_brl': 5.95, 'avg_win_brl': 33.22, 'avg_loss_brl': -179.54, 'profit_factor': 1.2584, 'max_drawdown_pct': 9.83, 'expected_payoff': 5.95, 'on_tester_value': 306.795161}",COMPLETE
52,904.729203,2026-03-27 01:26:35.388501,2026-03-27 01:26:48.217191,0 days 00:00:12.828690,14,True,True,True,False,True,605,0.25,845,0.35000000000000003,0.8,25000.0,9,8,short,30,0.19,1.35,0.45000000000000007,long,10,both,15,"{'start_date': '2021-03-23', 'end_date': '2024-09-16', 'trading_days': 872, 'total_trades': 1262, 'win_rate': 0.7924, 'net_profit_brl': 11355.0, 'avg_profit_brl': 9.0, 'avg_win_brl': 56.81, 'avg_loss_brl': -173.51, 'profit_factor': 1.2498, 'max_drawdown_pct': 12.55, 'expected_payoff': 9.0, 'on_tester_value': 904.729203}",COMPLETE
53,-71.819728,2026-03-27 01:26:48.217238,2026-03-27 01:26:59.855798,0 days 00:00:11.638560,12,True,True,True,False,True,730,0.2,855,0.35000000000000003,0.95,22500.0,12,8,short,35,0.22,1.15,0.55,long,15,both,20,"{'start_date': '2021-03-23', 'end_date': '2024-09-16', 'trading_days': 872, 'total_trades': 189, 'win_rate': 0.6402, 'net_profit_brl': -1025.0, 'avg_profit_brl': -5.42, 'avg_win_brl': 76.24, 'avg_loss_brl': -150.74, 'profit_factor': 0.9, 'max_drawdown_pct': 14.27, 'expected_payoff': -5.42, 'on_tester_value': -71.819728}",COMPLETE
54,114.09904,2026-03-27 01:26:59.855847,2026-03-27 01:27:11.306973,0 days 00:00:11.451126,15,True,True,True,False,True,665,0.4,855,0.4,0.65,52500.0,13,5,long,25,0.27,1.4,0.5,long,15,off,20,"{'start_date': '2021-03-23', 'end_date': '2024-09-16', 'trading_days': 872, 'total_trades': 451, 'win_rate': 0.7384, 'net_profit_brl': 2040.0, 'avg_profit_brl': 4.52, 'avg_win_brl': 65.65, 'avg_loss_brl': -167.97, 'profit_factor': 1.1029, 'max_drawdown_pct': 17.88, 'expected_payoff': 4.52, 'on_tester_value': 114.09904}",COMPLETE
55,689.827451,2026-03-27 01:27:11.307034,2026-03-27 01:27:24.136666,0 days 00:00:12.829632,17,True,True,True,False,True,550,0.35,855,0.6000000000000001,0.65,57500.0,5,7,off,30,0.25,1.4,0.55,off,15,short,20,"{'start_date': '2021-03-23', 'end_date': '2024-09-16', 'trading_days': 872, 'total_trades': 1608, 'win_rate': 0.7481, 'net_profit_brl': 11240.0, 'avg_profit_brl': 6.99, 'avg_win_brl': 67.2, 'avg_loss_brl': -172.28, 'profit_factor': 1.1615, 'max_drawdown_pct': 16.29, 'expected_payoff': 6.99, 'on_tester_value': 689.827451}",COMPLETE
56,615.498834,2026-03-27 01:27:24.136715,2026-03-27 01:27:36.431049,0 days 00:00:12.294334,12,True,True,True,False,False,600,0.5,815,0.4,1.0,55000.0,5,6,both,20,0.24000000000000002,1.3,0.4,off,15,off,10,"{'start_date': '2021-03-23', 'end_date': '2024-09-16', 'trading_days': 872, 'total_trades': 549, 'win_rate': 0.8087, 'net_profit_brl': 6470.0, 'avg_profit_brl': 11.79, 'avg_win_brl': 53.83, 'avg_loss_brl': -166.0, 'profit_factor': 1.3712, 'max_drawdown_pct': 10.51, 'expected_payoff': 11.79, 'on_tester_value': 615.498834}",COMPLETE
57,460.87619,2026-03-27 01:27:36.431092,2026-03-27 01:27:48.255946,0 days 00:00:11.824854,33,True,True,True,True,True,690,0.35,610,0.75,1.4500000000000002,47500.0,3,3,short,35,0.15000000000000002,0.95,0.55,off,20,both,25,"{'start_date': '2021-03-23', 'end_date': '2024-09-16', 'trading_days': 872, 'total_trades': 656, 'win_rate': 0.6784, 'net_profit_brl': 5060.0, 'avg_profit_brl': 7.71, 'avg_win_brl': 63.66, 'avg_loss_brl': -110.28, 'profit_factor': 1.2174, 'max_drawdown_pct': 10.98, 'expected_payoff': 7.71, 'on_tester_value': 460.87619}",COMPLETE
58,204.936475,2026-03-27 01:27:48.255994,2026-03-27 01:28:00.905171,0 days 00:00:12.649177,36,True,True,False,True,True,900,0.35,640,0.75,1.4500000000000002,50000.0,2,4,short,45,0.11,0.8500000000000001,0.45000000000000007,long,15,both,20,"{'start_date': '2021-03-23', 'end_date': '2024-09-16', 'trading_days': 872, 'total_trades': 163, 'win_rate': 0.6933, 'net_profit_brl': 1225.0, 'avg_profit_brl': 7.52, 'avg_win_brl': 57.35, 'avg_loss_brl': -105.1, 'profit_factor': 1.2331, 'max_drawdown_pct': 5.98, 'expected_payoff': 7.52, 'on_tester_value': 204.936475}",COMPLETE
59,590.837782,2026-03-27 01:28:00.905231,2026-03-27 01:28:13.274755,0 days 00:00:12.369524,17,True,True,True,True,True,630,0.35,810,0.35000000000000003,0.75,42500.0,7,7,short,25,0.22,1.3,0.8,long,20,short,20,"{'start_date': '2021-03-23', 'end_date': '2024-09-16', 'trading_days': 872, 'total_trades': 837, 'win_rate': 0.6535, 'net_profit_brl': 7975.0, 'avg_profit_brl': 9.53, 'avg_win_brl': 100.42, 'avg_loss_brl': -161.91, 'profit_factor': 1.1698, 'max_drawdown_pct': 13.5, 'expected_payoff': 9.53, 'on_tester_value': 590.837782}",COMPLETE
