name,folds,positive_folds,wins_vs_baseline_net,wins_vs_baseline_pf,mean_net_profit_brl,mean_avg_profit_brl,mean_profit_factor,mean_max_drawdown_pct,mean_on_tester_value
combo__trend__both__w15__ge_0.333333__volume__long__w15__ge_50000,5,4,1,2,1202.0,5.153999999999999,1.2238799999999999,6.414,281.1330258
combo__trend__long__w15__ge_0.333333__volume__short__w30__ge_30000__relvol__short__lb60__ge_0.85,5,5,1,3,1893.0,5.402,1.2238200000000004,6.384,356.686332
combo__trend__long__w15__ge_0.400000__volume__long__w15__ge_50000__relvol__short__lb40__ge_0.85,5,5,1,4,1471.0,6.27,1.2662400000000003,5.548,275.79316839999996
combo__trend__both__w15__ge_0.333333__volume__long__w15__ge_50000__relvol__short__lb40__ge_0.85,5,4,1,2,1140.0,5.574,1.2424,6.101999999999999,260.9739106
trend__both__w15__ge_0.333333,5,5,1,3,1779.0,5.322,1.2273800000000001,6.725999999999999,398.061469
combo__trend__long__w15__ge_0.333333__relvol__short__lb40__ge_0.85,5,5,2,3,2001.0,5.723999999999999,1.2403600000000001,6.664,330.99494599999997
combo__trend__long__w15__ge_0.333333__volume__long__w15__ge_50000__relvol__short__lb40__ge_0.85,5,5,1,3,1424.0,5.858,1.2475,6.0699999999999985,250.3090626
combo__trend__both__w15__ge_0.333333__relvol__short__lb40__ge_0.85,5,5,1,2,1717.0,5.52,1.23848,6.322,386.1406984
combo__trend__both__w15__ge_0.333333__volume__long__w15__ge_50000__relvol__short__lb60__ge_0.85,5,4,1,2,1119.0,5.331999999999999,1.22924,6.6659999999999995,236.0920744
combo__trend__long__w15__ge_0.333333__volume__long__w15__ge_50000__relvol__short__lb60__ge_0.85,5,5,1,3,1439.0,5.83,1.2459,6.168,243.8660994
combo__trend__both__w15__ge_0.333333__volume__short__w30__ge_30000,5,5,1,3,1831.0,5.526,1.2347,6.744,401.1203668
combo__trend__long__w15__ge_0.333333__volume__long__w15__ge_50000,5,5,1,3,1590.0,5.468000000000001,1.22324,6.234,277.22843539999997
combo__trend__long__w15__ge_0.333333__volume__short__w30__ge_30000__relvol__short__lb40__ge_0.85,5,5,2,3,1959.0,5.626,1.23526,6.108,396.6598816
combo__trend__both__w15__ge_0.333333__relvol__short__lb60__ge_0.85,5,5,1,2,1696.0,5.438000000000001,1.23286,6.88,370.1457916
trend__long__w15__ge_0.333333,5,5,2,3,2167.0,5.594,1.2314399999999999,6.35,395.2776538
combo__trend__long__w15__ge_0.400000__volume__long__w15__ge_50000__relvol__short__lb60__ge_0.85,5,5,1,4,1486.0,6.244,1.26502,5.667999999999999,269.23042539999994
combo__trend__long__w15__ge_0.333333__relvol__short__lb60__ge_0.85,5,5,2,2,2016.0,5.726000000000001,1.2398200000000001,6.531999999999999,356.9854534
combo__trend__long__w15__ge_0.333333__volume__short__w30__ge_30000,5,5,3,4,2235.0,5.836,1.2416800000000001,6.324,400.64219080000004
combo__trend__long__w15__ge_0.400000__volume__long__w15__ge_50000,5,5,1,4,1637.0,5.8420000000000005,1.2402000000000002,5.794,296.92685679999994
combo__trend__both__w15__ge_0.333333__volume__short__w30__ge_30000__relvol__short__lb60__ge_0.85,5,5,1,1,1541.0,5.0200000000000005,1.21044,7.148000000000001,335.2863246
combo__trend__both__w15__ge_0.333333__volume__short__w30__ge_30000__relvol__short__lb40__ge_0.85,5,5,1,1,1511.0,4.9399999999999995,1.2055,6.991999999999999,376.323415
combo__volume__long__w15__ge_50000__relvol__short__lb40__ge_0.85,5,5,1,2,1412.0,5.593999999999999,1.24006,6.960000000000001,216.33503960000002
combo__volume__long__w15__ge_50000__relvol__short__lb60__ge_0.85,5,5,1,3,1427.0,5.572,1.23916,6.986,212.4913556
combo__trend__both__w15__ge_0.333333__volume__long__w15__ge_50000__relvol__both__lb20__ge_1.00,5,4,0,3,1252.0,6.456,1.2646600000000001,5.682,276.8894566
volume__long__w15__ge_50000,5,5,1,3,1578.0,5.220000000000001,1.21496,6.978,236.700522
combo__trend__long__w15__ge_0.333333__volume__both__w30__ge_50000__relvol__short__lb60__ge_0.85,5,5,2,2,1710.0,5.302,1.20866,6.264,297.2183946
combo__trend__both__w15__ge_0.333333__volume__both__w30__ge_50000,5,4,1,2,1554.0,5.093999999999999,1.2034600000000002,6.5280000000000005,375.3911276
trend__long__w15__ge_0.250000,5,5,2,2,1960.0,4.87,1.1952000000000003,6.961999999999999,285.641613
combo__volume__short__w30__ge_30000__relvol__short__lb60__ge_0.85,5,5,2,3,1813.0,4.6,1.1854,7.728,220.6147066
combo__volume__short__w30__ge_30000__relvol__short__lb40__ge_0.85,5,5,2,3,1879.0,4.787999999999999,1.19432,7.366,241.3470554
combo__trend__long__w15__ge_0.333333__volume__both__w30__ge_50000__relvol__short__lb40__ge_0.85,5,4,2,2,1684.0,5.212,1.20414,6.356,290.544849
relvol__short__lb40__ge_0.85,5,5,2,3,1921.0,4.882,1.1982599999999999,7.6579999999999995,237.8462442
combo__trend__long__w15__ge_0.333333__volume__both__w30__ge_50000,5,4,2,3,1929.0,5.488,1.21684,6.338,334.997786
trend__both__w15__ge_0.250000,5,5,1,3,1808.0,4.860000000000001,1.19598,7.095999999999999,248.3614296
relvol__short__lb60__ge_0.85,5,5,2,3,1936.0,4.892,1.1981000000000002,7.552000000000001,239.9994018
volume__short__w30__ge_30000,5,5,3,3,2155.0,5.042,1.2040799999999998,7.275999999999999,289.3620964
relvol__long__lb60__ge_1.00,5,5,2,4,2138.0,5.742,1.2332,6.282000000000001,325.25076060000004
volume__short__w25__ge_30000,5,5,4,4,2123.0,5.038,1.2037,7.202,286.63575099999997
baseline,5,5,0,0,2087.0,4.840000000000001,1.19442,7.398000000000001,276.3786086
relvol__short__lb20__ge_0.85,5,5,2,4,1982.0,5.066000000000001,1.2067800000000002,7.386,260.7950388
volume__both__w30__ge_30000,5,5,4,4,2140.0,5.08,1.2052399999999999,7.246,285.59066859999996
combo__trend__both__w15__ge_0.333333__volume__both__w30__ge_50000__relvol__short__lb60__ge_0.85,5,4,1,2,1441.0,5.004,1.19954,6.888,345.9835756
volume__long__w30__ge_30000,5,5,3,3,2072.0,4.872,1.1955000000000002,7.392,271.9025414
relvol__long__lb40__ge_1.00,5,5,3,4,2072.0,5.5840000000000005,1.22674,6.653999999999999,290.6097886
volume__short__w25__ge_40000,5,5,2,2,2059.0,5.048,1.20182,7.526000000000001,274.7070182
volume__short__w30__ge_40000,5,5,3,3,2059.0,4.936,1.1988400000000001,7.17,275.7958064
combo__trend__both__w15__ge_0.333333__volume__both__w30__ge_50000__relvol__short__lb40__ge_0.85,5,4,0,2,1365.0,4.74,1.18544,6.866,323.04022440000006
combo__trend__long__w15__ge_0.333333__volume__long__w15__ge_50000__relvol__both__lb20__ge_1.00,5,5,0,3,1385.0,6.347999999999999,1.2549199999999998,5.232,324.2821868
volume__long__w15__ge_40000,5,5,1,2,1849.0,5.108,1.2014,7.226000000000001,242.608584
relvol__short__lb20__ge_1.15,5,5,0,3,1715.0,5.496,1.22012,6.692,251.7239122
combo__trend__long__w15__ge_0.400000__volume__short__w30__ge_30000__relvol__short__lb40__ge_0.85,5,5,2,3,1728.0,5.3580000000000005,1.21706,5.523999999999999,362.6533902
relvol__long__lb20__ge_1.15,5,5,0,4,1720.0,5.308000000000001,1.2109400000000001,6.7,260.1616856
volume__both__w25__ge_30000,5,5,2,2,2005.0,4.878,1.1957200000000001,6.846000000000001,276.9728656
combo__trend__long__w15__ge_0.333333__volume__short__w30__ge_30000__relvol__both__lb20__ge_1.00,5,5,0,4,1250.0,5.136,1.19836,5.602,203.379545
volume__long__w30__ge_50000,5,5,1,3,1953.0,4.802,1.18994,7.308,248.34206280000004
volume__long__w25__ge_30000,5,5,2,2,1969.0,4.680000000000001,1.18648,7.248,252.43275459999995
relvol__long__lb20__ge_0.85,5,5,2,2,1903.0,4.6979999999999995,1.18502,7.558,229.0820628
relvol__long__lb20__ge_1.00,5,5,2,3,1967.0,5.288000000000001,1.2116,6.4879999999999995,286.46405460000005
relvol__both__lb20__ge_0.85,5,5,1,2,1798.0,4.92,1.19712,7.380000000000001,219.81380479999999
combo__trend__long__w15__ge_0.400000__volume__short__w30__ge_30000__relvol__short__lb60__ge_0.85,5,5,2,3,1662.0,5.117999999999999,1.20542,6.004,320.91287420000003
relvol__both__lb40__ge_0.85,5,5,1,4,1728.0,4.674,1.1853,7.932,200.19509920000002
volume__short__w15__ge_40000,5,5,1,4,1603.0,4.618,1.18454,7.256,207.060135
volume__long__w30__ge_40000,5,5,2,2,1953.0,4.678,1.1857199999999999,7.337999999999999,246.88813599999997
relvol__long__lb60__ge_1.30,5,5,0,3,1573.0,5.358,1.21184,6.108,260.414352
combo__trend__long__w15__ge_0.400000__volume__short__w30__ge_30000,5,5,3,4,2004.0,5.64,1.22866,5.616,426.3896522
volume__long__w25__ge_40000,5,5,1,2,1872.0,4.574,1.17964,7.722000000000001,227.73897020000004
combo__trend__long__w15__ge_0.400000__relvol__short__lb40__ge_0.85,5,4,2,4,1770.0,5.482,1.2241,6.1739999999999995,316.27598539999997
volume__short__w30__ge_50000,5,5,1,2,1989.0,4.901999999999999,1.1941,7.651999999999999,258.9166292
relvol__short__lb60__ge_1.15,5,5,0,2,1623.0,5.068,1.19868,6.924000000000001,228.10994020000004
relvol__long__lb40__ge_0.85,5,5,1,2,1894.0,4.674,1.1832799999999999,7.388,225.22177019999998
combo__volume__both__w30__ge_50000__relvol__short__lb60__ge_0.85,5,5,1,3,1636.0,4.612,1.18036,7.634,196.489682
volume__long__w25__ge_50000,5,5,1,2,1895.0,4.818,1.18956,6.898000000000001,244.22176439999998
volume__short__w25__ge_50000,5,5,2,3,1981.0,5.16,1.20746,7.752,243.4876016
trend__long__w15__ge_0.400000,5,4,2,4,1936.0,5.392,1.2181799999999998,5.644,419.3893282
relvol__long__lb40__ge_1.30,5,5,1,2,1561.0,5.29,1.20888,6.232,256.3504446
relvol__both__lb60__ge_0.85,5,5,2,3,1771.0,4.75,1.1900600000000001,7.444,215.3495324
combo__trend__both__w15__ge_0.333333__relvol__both__lb20__ge_1.00,5,5,0,2,1439.0,5.848000000000001,1.2368999999999999,5.906,341.30780919999995
volume__both__w30__ge_40000,5,5,2,2,1925.0,4.7780000000000005,1.1903000000000001,6.917999999999999,259.06393599999996
relvol__long__lb60__ge_0.85,5,5,2,2,1922.0,4.7379999999999995,1.18726,7.268000000000001,235.50998300000006
relvol__short__lb40__ge_1.00,5,5,1,3,1802.0,5.032,1.2019,7.256,229.31852859999998
volume__both__w25__ge_40000,5,5,1,2,1844.0,4.776,1.18656,7.562,239.2666066
relvol__short__lb40__ge_1.15,5,5,0,3,1508.0,4.752000000000001,1.1847999999999999,6.975999999999999,212.25125479999997
combo__trend__long__w15__ge_0.333333__volume__both__w30__ge_50000__relvol__both__lb20__ge_1.00,5,5,0,3,1151.0,5.042,1.19016,5.77,185.2127432
combo__trend__long__w15__ge_0.400000__volume__long__w15__ge_50000__relvol__both__lb20__ge_1.00,5,5,0,4,1276.0,6.188000000000001,1.2479200000000001,5.549999999999999,236.2474548
relvol__short__lb60__ge_1.00,5,5,1,2,1765.0,4.938000000000001,1.198,7.184,225.9303178
volume__long__w15__ge_30000,5,5,2,2,1857.0,4.682,1.1825199999999998,7.2620000000000005,229.01422759999997
combo__volume__long__w15__ge_50000__relvol__both__lb20__ge_1.00,5,5,1,3,1370.0,5.988,1.24494,5.944000000000001,272.45320720000007
relvol__long__lb40__ge_1.15,5,5,0,2,1558.0,4.766,1.18496,6.632,263.88009320000003
combo__trend__long__w15__ge_0.400000__relvol__short__lb60__ge_0.85,5,4,2,4,1785.0,5.47,1.2232,5.968000000000001,353.15382000000005
relvol__long__lb60__ge_1.15,5,5,0,1,1511.0,4.61,1.1770800000000001,6.758,244.67656420000003
combo__volume__both__w30__ge_50000__relvol__short__lb40__ge_0.85,5,5,1,2,1610.0,4.5200000000000005,1.1752399999999998,7.822,188.06110280000001
relvol__both__lb20__ge_1.15,5,5,0,3,1348.0,6.608,1.2654799999999997,5.166,313.44697340000005
relvol__both__lb60__ge_1.00,5,5,2,3,1816.0,6.029999999999999,1.24526,5.87,292.02634479999995
trend__both__w15__ge_0.400000,5,4,1,3,1569.0,5.524,1.2264,5.382,408.40224800000004
volume__both__w15__ge_40000,5,4,1,3,1365.0,5.078,1.2028599999999998,6.93,202.1126026
relvol__both__lb40__ge_1.00,5,5,2,4,1787.0,5.9479999999999995,1.2426,6.465999999999999,260.5264638
volume__both__w30__ge_50000,5,5,1,2,1855.0,4.844,1.18906,7.603999999999999,241.54760460000003
combo__trend__both__w15__ge_0.333333__volume__short__w30__ge_30000__relvol__both__lb20__ge_1.00,5,5,0,2,997.0,4.602000000000001,1.1735200000000001,5.876,210.37724020000002
volume__short__w15__ge_30000,5,5,1,2,1770.0,4.56,1.17794,7.562,219.2275646
relvol__long__lb20__ge_1.30,5,5,0,3,1430.0,4.9159999999999995,1.19162,6.322000000000001,226.6498802
relvol__short__lb20__ge_1.00,5,5,0,2,1689.0,4.718,1.18648,7.5920000000000005,212.42492320000002
combo__trend__long__w15__ge_0.400000__volume__both__w30__ge_50000__relvol__short__lb60__ge_0.85,5,4,1,2,1488.0,4.8420000000000005,1.1849999999999998,6.01,294.23362
combo__trend__both__w15__ge_0.333333__volume__both__w30__ge_50000__relvol__both__lb20__ge_1.00,5,5,0,2,916.0,4.452,1.16522,5.446000000000001,199.10808400000002
combo__trend__long__w15__ge_0.333333__relvol__both__lb20__ge_1.00,5,5,0,3,1572.0,5.774,1.22986,5.942,292.20515020000005
volume__both__w25__ge_50000,5,5,1,3,1789.0,5.248,1.20714,6.664,239.20955679999997
trend__long__w15__ge_0.500000,5,4,1,4,1766.0,5.488,1.2219399999999998,5.782,411.374829
relvol__short__lb20__ge_1.30,5,5,1,2,1335.0,4.750000000000001,1.18702,6.976000000000001,181.79571779999998
combo__trend__long__w15__ge_0.400000__volume__both__w30__ge_50000__relvol__short__lb40__ge_0.85,5,4,1,2,1462.0,4.75,1.18078,6.042,299.042651
combo__trend__long__w15__ge_0.400000__volume__short__w30__ge_30000__relvol__both__lb20__ge_1.00,5,5,0,3,1233.0,5.4159999999999995,1.20846,4.7940000000000005,296.7733174
trend__both__w15__ge_0.500000,5,4,0,4,1204.0,5.700000000000001,1.2346800000000002,5.248,323.4436132
relvol__short__lb60__ge_1.30,5,4,1,3,1262.0,4.4,1.1713200000000001,7.768000000000001,163.2684456
combo__trend__long__w15__ge_0.400000__volume__both__w30__ge_50000__relvol__both__lb20__ge_1.00,5,5,0,2,1151.0,5.305999999999999,1.1993,5.0600000000000005,276.6272762
relvol__both__lb20__ge_1.00,5,5,2,2,1569.0,5.215999999999999,1.20718,6.709999999999999,256.6232612
volume__both__w15__ge_30000,5,4,1,1,1540.0,4.188,1.1589399999999999,7.596000000000001,181.5117948
combo__volume__short__w30__ge_30000__relvol__both__lb20__ge_1.00,5,4,0,3,1027.0,3.7039999999999997,1.1425,7.2,139.779928
volume__short__w15__ge_50000,5,5,1,2,1346.0,4.3500000000000005,1.1716,7.25,159.6720032
combo__volume__both__w30__ge_50000__relvol__both__lb20__ge_1.00,5,4,0,3,982.0,3.8259999999999996,1.1461800000000002,7.404000000000001,136.2174918
relvol__both__lb60__ge_1.15,5,4,0,1,1047.0,4.638,1.17398,6.518000000000001,208.40309039999997
relvol__both__lb40__ge_1.15,5,3,0,2,979.0,4.512,1.17326,6.37,249.3822984
volume__both__w15__ge_50000,5,4,0,3,837.0,6.345999999999999,1.31402,5.53,145.2646268
relvol__short__lb40__ge_1.30,5,4,1,2,1123.0,3.968,1.15392,8.504,152.55901139999997
combo__trend__long__w15__ge_0.400000__relvol__both__lb20__ge_1.00,5,4,0,3,1227.0,4.779999999999999,1.18336,5.958,253.8698656
relvol__both__lb20__ge_1.30,5,4,0,2,678.0,4.807999999999999,1.18148,6.176,107.43102879999999
relvol__both__lb60__ge_1.30,5,3,1,2,748.0,4.686000000000001,1.1856399999999998,6.398000000000001,190.7450586
relvol__both__lb40__ge_1.30,5,3,1,2,597.0,3.774,1.16488,7.3260000000000005,215.43250840000002
