name,family,fold,start_date,end_date,trading_days,total_trades,win_rate,net_profit_brl,avg_profit_brl,avg_win_brl,avg_loss_brl,profit_factor,max_drawdown_pct,expected_payoff,on_tester_value
baseline,baseline,1,2022-01-21,2022-11-21,208,453,0.7395,3985.0,8.8,51.42,-112.2,1.301,11.19,8.8,356.234848
baseline,baseline,2,2022-11-22,2023-09-19,208,419,0.7279,1935.0,4.62,39.11,-87.68,1.1936,4.65,4.62,416.122727
baseline,baseline,3,2023-09-20,2024-07-22,208,436,0.6995,690.0,1.58,28.18,-60.34,1.0873,6.89,1.58,100.07482
baseline,baseline,4,2024-07-23,2025-05-23,208,402,0.7388,2875.0,7.15,43.25,-94.95,1.2884,8.08,7.15,355.701389
baseline,baseline,5,2025-05-26,2026-03-20,207,464,0.7069,950.0,2.05,31.36,-68.64,1.1018,6.18,2.05,153.759259
trend__long__w15__ge_0.250000,trend,1,2022-01-21,2022-11-21,208,427,0.7377,3615.0,8.47,51.71,-113.17,1.2852,10.04,8.47,360.227113
trend__long__w15__ge_0.250000,trend,2,2022-11-22,2023-09-19,208,390,0.7308,1965.0,5.04,39.07,-87.33,1.2143,4.49,5.04,437.364433
trend__long__w15__ge_0.250000,trend,3,2023-09-20,2024-07-22,208,402,0.7015,585.0,1.46,28.0,-60.92,1.08,7.27,1.46,80.457534
trend__long__w15__ge_0.250000,trend,4,2024-07-23,2025-05-23,208,382,0.7461,3175.0,8.31,43.44,-94.9,1.3449,6.64,8.31,477.932119
trend__long__w15__ge_0.250000,trend,5,2025-05-26,2026-03-20,207,428,0.6963,460.0,1.07,31.48,-68.62,1.0516,6.37,1.07,72.226866
trend__long__w15__ge_0.333333,trend,1,2022-01-21,2022-11-21,208,415,0.7398,3755.0,9.05,51.95,-112.92,1.3079,10.28,9.05,365.189661
trend__long__w15__ge_0.333333,trend,2,2022-11-22,2023-09-19,208,369,0.7344,2065.0,5.6,39.28,-87.55,1.2407,4.5,5.6,458.983505
trend__long__w15__ge_0.333333,trend,3,2023-09-20,2024-07-22,208,376,0.6995,505.0,1.34,28.06,-60.84,1.0735,6.72,1.34,75.114074
trend__long__w15__ge_0.333333,trend,4,2024-07-23,2025-05-23,208,371,0.7601,3845.0,10.36,43.51,-94.66,1.4564,3.96,10.36,971.390659
trend__long__w15__ge_0.333333,trend,5,2025-05-26,2026-03-20,207,411,0.7032,665.0,1.62,31.52,-69.22,1.0787,6.29,1.62,105.71037
trend__long__w15__ge_0.400000,trend,1,2022-01-21,2022-11-21,208,383,0.7467,3900.0,10.18,52.05,-113.25,1.355,6.6,10.18,590.722826
trend__long__w15__ge_0.400000,trend,2,2022-11-22,2023-09-19,208,340,0.7382,2125.0,6.25,39.52,-87.58,1.2726,3.56,6.25,597.451923
trend__long__w15__ge_0.400000,trend,3,2023-09-20,2024-07-22,208,348,0.7011,605.0,1.74,28.18,-60.29,1.0965,5.53,1.74,109.445045
trend__long__w15__ge_0.400000,trend,4,2024-07-23,2025-05-23,208,348,0.7471,3135.0,9.01,44.04,-94.49,1.377,3.87,9.01,809.147468
trend__long__w15__ge_0.400000,trend,5,2025-05-26,2026-03-20,207,382,0.6859,-85.0,-0.22,31.62,-69.75,0.9898,8.66,-0.22,-9.820621
trend__long__w15__ge_0.500000,trend,1,2022-01-21,2022-11-21,208,349,0.7507,3740.0,10.72,52.23,-114.31,1.3761,6.3,10.72,594.051163
trend__long__w15__ge_0.500000,trend,2,2022-11-22,2023-09-19,208,294,0.7381,1970.0,6.7,39.84,-86.69,1.2951,3.96,6.7,497.096667
trend__long__w15__ge_0.500000,trend,3,2023-09-20,2024-07-22,208,312,0.7051,645.0,2.07,28.3,-60.65,1.1156,5.24,2.07,123.097642
trend__long__w15__ge_0.500000,trend,4,2024-07-23,2025-05-23,208,314,0.742,2695.0,8.58,44.51,-94.75,1.3511,3.12,8.58,864.008955
trend__long__w15__ge_0.500000,trend,5,2025-05-26,2026-03-20,207,351,0.6809,-220.0,-0.63,31.78,-69.78,0.9718,10.29,-0.63,-21.380282
trend__both__w15__ge_0.250000,trend,1,2022-01-21,2022-11-21,208,400,0.735,3180.0,7.95,51.58,-113.07,1.2653,10.27,7.95,309.684806
trend__both__w15__ge_0.250000,trend,2,2022-11-22,2023-09-19,208,353,0.7309,1735.0,4.92,39.09,-87.89,1.2078,5.39,4.92,321.973009
trend__both__w15__ge_0.250000,trend,3,2023-09-20,2024-07-22,208,370,0.7054,595.0,1.61,28.01,-61.61,1.0886,6.84,1.61,87.035036
trend__both__w15__ge_0.250000,trend,4,2024-07-23,2025-05-23,208,355,0.7493,3095.0,8.72,43.44,-95.06,1.3658,6.84,8.72,452.256875
trend__both__w15__ge_0.250000,trend,5,2025-05-26,2026-03-20,207,394,0.698,435.0,1.1,31.76,-69.75,1.0524,6.14,1.1,70.857422
trend__both__w15__ge_0.333333,trend,1,2022-01-21,2022-11-21,208,371,0.7251,2410.0,6.5,51.95,-113.38,1.2084,10.28,6.5,234.330258
trend__both__w15__ge_0.333333,trend,2,2022-11-22,2023-09-19,208,311,0.7331,1660.0,5.34,39.45,-88.37,1.2263,6.34,5.34,261.759701
trend__both__w15__ge_0.333333,trend,3,2023-09-20,2024-07-22,208,327,0.6881,30.0,0.09,28.24,-62.01,1.0047,8.95,0.09,3.351955
trend__both__w15__ge_0.333333,trend,4,2024-07-23,2025-05-23,208,323,0.774,4015.0,12.43,43.38,-93.56,1.5878,3.0,12.43,1336.797541
trend__both__w15__ge_0.333333,trend,5,2025-05-26,2026-03-20,207,346,0.711,780.0,2.25,32.07,-71.1,1.1097,5.06,2.25,154.06789
trend__both__w15__ge_0.400000,trend,1,2022-01-21,2022-11-21,208,315,0.7429,2960.0,9.4,51.97,-113.58,1.3217,3.8,9.4,779.581395
trend__both__w15__ge_0.400000,trend,2,2022-11-22,2023-09-19,208,263,0.7414,1675.0,6.37,39.64,-89.04,1.2766,7.61,6.37,220.20122
trend__both__w15__ge_0.400000,trend,3,2023-09-20,2024-07-22,208,275,0.6945,305.0,1.11,28.61,-61.43,1.0591,5.3,1.11,57.54717
trend__both__w15__ge_0.400000,trend,4,2024-07-23,2025-05-23,208,271,0.7601,2995.0,11.05,44.32,-94.38,1.4882,3.0,11.05,997.187705
trend__both__w15__ge_0.400000,trend,5,2025-05-26,2026-03-20,207,293,0.686,-90.0,-0.31,32.49,-71.96,0.9864,7.2,-0.31,-12.50625
trend__both__w15__ge_0.500000,trend,1,2022-01-21,2022-11-21,208,233,0.7511,2410.0,10.34,52.09,-115.6,1.3594,4.38,10.34,550.320183
trend__both__w15__ge_0.500000,trend,2,2022-11-22,2023-09-19,208,177,0.7288,1005.0,5.68,40.19,-87.08,1.2404,6.11,5.68,164.433462
trend__both__w15__ge_0.500000,trend,3,2023-09-20,2024-07-22,208,198,0.7172,465.0,2.35,28.8,-64.73,1.1283,4.2,2.35,110.714286
trend__both__w15__ge_0.500000,trend,4,2024-07-23,2025-05-23,208,212,0.7594,2410.0,11.37,45.03,-94.9,1.4979,2.93,11.37,823.076271
trend__both__w15__ge_0.500000,trend,5,2025-05-26,2026-03-20,207,218,0.6743,-270.0,-1.24,33.06,-72.25,0.9474,8.62,-1.24,-31.326136
volume__long__w15__ge_30000,volume,1,2022-01-21,2022-11-21,208,438,0.7489,4520.0,10.32,51.59,-112.73,1.3645,10.03,10.32,450.661842
volume__long__w15__ge_30000,volume,2,2022-11-22,2023-09-19,208,381,0.7165,1265.0,3.32,39.51,-88.15,1.1329,5.42,3.32,233.261638
volume__long__w15__ge_30000,volume,3,2023-09-20,2024-07-22,208,319,0.6959,385.0,1.21,29.03,-62.47,1.0635,5.16,1.21,74.667788
volume__long__w15__ge_30000,volume,4,2024-07-23,2025-05-23,208,364,0.7445,2895.0,7.95,43.71,-96.24,1.3235,8.1,7.95,357.52459
volume__long__w15__ge_30000,volume,5,2025-05-26,2026-03-20,207,361,0.6953,220.0,0.61,32.01,-71.05,1.0282,7.6,0.61,28.95528
volume__long__w15__ge_40000,volume,1,2022-01-21,2022-11-21,208,424,0.7524,4780.0,11.27,51.93,-112.24,1.4056,9.86,11.27,484.761184
volume__long__w15__ge_40000,volume,2,2022-11-22,2023-09-19,208,320,0.7219,1220.0,3.81,39.76,-89.49,1.1532,5.62,3.81,216.978512
volume__long__w15__ge_40000,volume,3,2023-09-20,2024-07-22,208,250,0.692,175.0,0.7,29.02,-62.92,1.0361,8.72,0.7,20.075284
volume__long__w15__ge_40000,volume,4,2024-07-23,2025-05-23,208,322,0.7329,2185.0,6.79,44.39,-96.4,1.2636,7.08,6.79,308.737662
volume__long__w15__ge_40000,volume,5,2025-05-26,2026-03-20,207,298,0.7148,885.0,2.97,32.14,-70.12,1.1485,4.85,2.97,182.490278
volume__long__w15__ge_50000,volume,1,2022-01-21,2022-11-21,208,382,0.7408,3525.0,9.23,52.39,-114.14,1.3119,11.05,9.23,319.046178
volume__long__w15__ge_50000,volume,2,2022-11-22,2023-09-19,208,263,0.7148,855.0,3.25,40.37,-89.8,1.1269,6.28,3.25,136.234191
volume__long__w15__ge_50000,volume,3,2023-09-20,2024-07-22,208,223,0.6996,405.0,1.82,28.97,-61.42,1.0984,8.42,1.82,48.12071
volume__long__w15__ge_50000,volume,4,2024-07-23,2025-05-23,208,264,0.7311,1765.0,6.69,44.77,-96.83,1.2567,5.21,6.69,338.848198
volume__long__w15__ge_50000,volume,5,2025-05-26,2026-03-20,207,262,0.7328,1340.0,5.11,31.82,-68.14,1.2809,3.93,5.11,341.253333
volume__long__w25__ge_30000,volume,1,2022-01-21,2022-11-21,208,452,0.7412,4085.0,9.04,51.48,-112.48,1.3104,11.11,9.04,367.65
volume__long__w25__ge_30000,volume,2,2022-11-22,2023-09-19,208,411,0.7226,1655.0,4.03,39.24,-87.72,1.1655,5.33,4.03,310.3125
volume__long__w25__ge_30000,volume,3,2023-09-20,2024-07-22,208,406,0.7069,900.0,2.22,28.45,-61.05,1.1239,5.07,2.22,177.466019
volume__long__w25__ge_30000,volume,4,2024-07-23,2025-05-23,208,390,0.7385,2725.0,6.99,43.37,-95.74,1.2791,8.17,6.99,333.509722
volume__long__w25__ge_30000,volume,5,2025-05-26,2026-03-20,207,429,0.6993,480.0,1.12,31.5,-69.53,1.0535,6.56,1.12,73.225532
volume__long__w25__ge_40000,volume,1,2022-01-21,2022-11-21,208,447,0.7427,4120.0,9.22,51.54,-112.96,1.3172,11.08,9.22,371.673939
volume__long__w25__ge_40000,volume,2,2022-11-22,2023-09-19,208,398,0.7236,1620.0,4.07,39.29,-88.14,1.1671,5.39,4.07,300.6
volume__long__w25__ge_40000,volume,3,2023-09-20,2024-07-22,208,368,0.7011,605.0,1.64,28.76,-61.95,1.0888,7.49,1.64,80.77351
volume__long__w25__ge_40000,volume,4,2024-07-23,2025-05-23,208,377,0.7321,2360.0,6.26,43.62,-95.84,1.2438,8.41,6.26,280.606593
volume__long__w25__ge_40000,volume,5,2025-05-26,2026-03-20,207,389,0.7069,655.0,1.68,31.69,-70.7,1.0813,6.24,1.68,105.040809
volume__long__w25__ge_50000,volume,1,2022-01-21,2022-11-21,208,440,0.7477,4460.0,10.14,51.57,-112.66,1.3567,10.07,10.14,442.919079
volume__long__w25__ge_50000,volume,2,2022-11-22,2023-09-19,208,383,0.718,1400.0,3.66,39.73,-88.19,1.147,5.33,3.66,262.741379
volume__long__w25__ge_50000,volume,3,2023-09-20,2024-07-22,208,311,0.701,515.0,1.66,29.29,-63.12,1.0877,5.45,1.66,94.416667
volume__long__w25__ge_50000,volume,4,2024-07-23,2025-05-23,208,362,0.7348,2375.0,6.56,43.76,-96.51,1.2563,8.4,6.56,282.793716
volume__long__w25__ge_50000,volume,5,2025-05-26,2026-03-20,207,350,0.7086,725.0,2.07,32.14,-71.03,1.1001,5.24,2.07,138.237981
volume__long__w30__ge_30000,volume,1,2022-01-21,2022-11-21,208,452,0.7412,4075.0,9.02,51.45,-112.48,1.3097,11.12,9.02,366.50303
volume__long__w30__ge_30000,volume,2,2022-11-22,2023-09-19,208,415,0.7277,1895.0,4.57,39.16,-87.88,1.1908,4.67,4.57,405.989394
volume__long__w30__ge_30000,volume,3,2023-09-20,2024-07-22,208,419,0.7017,800.0,1.91,28.38,-60.36,1.106,6.63,1.91,120.716418
volume__long__w30__ge_30000,volume,4,2024-07-23,2025-05-23,208,397,0.7406,2890.0,7.28,43.28,-95.49,1.2938,8.08,7.28,357.878333
volume__long__w30__ge_30000,volume,5,2025-05-26,2026-03-20,207,442,0.7036,700.0,1.58,31.41,-69.24,1.0772,6.46,1.58,108.425532
volume__long__w30__ge_40000,volume,1,2022-01-21,2022-11-21,208,450,0.7422,4120.0,9.16,51.51,-112.8,1.3149,11.08,9.16,371.673939
volume__long__w30__ge_40000,volume,2,2022-11-22,2023-09-19,208,403,0.7246,1715.0,4.26,39.3,-87.93,1.1757,5.3,4.26,323.484483
volume__long__w30__ge_40000,volume,3,2023-09-20,2024-07-22,208,396,0.7045,835.0,2.11,28.58,-61.03,1.1169,5.64,2.11,148.102632
volume__long__w30__ge_40000,volume,4,2024-07-23,2025-05-23,208,390,0.7359,2605.0,6.68,43.38,-95.58,1.2646,8.29,6.68,314.317582
volume__long__w30__ge_40000,volume,5,2025-05-26,2026-03-20,207,414,0.7005,490.0,1.18,31.57,-69.88,1.0565,6.38,1.18,76.862044
volume__long__w30__ge_50000,volume,1,2022-01-21,2022-11-21,208,445,0.7461,4370.0,9.82,51.55,-112.79,1.3429,10.13,9.82,431.39375
volume__long__w30__ge_50000,volume,2,2022-11-22,2023-09-19,208,396,0.7247,1660.0,4.19,39.34,-88.35,1.1724,5.39,4.19,308.022222
volume__long__w30__ge_50000,volume,3,2023-09-20,2024-07-22,208,353,0.6997,575.0,1.63,28.95,-62.03,1.0875,6.59,1.63,87.201128
volume__long__w30__ge_50000,volume,4,2024-07-23,2025-05-23,208,376,0.7314,2330.0,6.2,43.67,-95.84,1.2407,8.38,6.2,277.935714
volume__long__w30__ge_50000,volume,5,2025-05-26,2026-03-20,207,383,0.7102,830.0,2.17,31.78,-70.41,1.1062,6.05,2.17,137.1575
volume__short__w15__ge_30000,volume,1,2022-01-21,2022-11-21,208,427,0.7447,4090.0,9.58,51.51,-112.75,1.3328,9.96,9.58,410.663729
volume__short__w15__ge_30000,volume,2,2022-11-22,2023-09-19,208,380,0.7211,1410.0,3.71,39.49,-88.77,1.1498,5.1,3.71,276.647222
volume__short__w15__ge_30000,volume,3,2023-09-20,2024-07-22,208,349,0.702,620.0,1.78,28.98,-62.31,1.0957,7.43,1.78,83.433113
volume__short__w15__ge_30000,volume,4,2024-07-23,2025-05-23,208,353,0.7365,2275.0,6.44,43.58,-97.37,1.2512,8.96,6.44,253.811869
volume__short__w15__ge_30000,volume,5,2025-05-26,2026-03-20,207,352,0.7017,455.0,1.29,32.43,-71.95,1.0602,6.36,1.29,71.58189
volume__short__w15__ge_40000,volume,1,2022-01-21,2022-11-21,208,412,0.7427,3770.0,9.15,51.44,-112.92,1.315,10.45,9.15,360.790228
volume__short__w15__ge_40000,volume,2,2022-11-22,2023-09-19,208,322,0.7081,490.0,1.52,39.28,-90.05,1.0579,8.99,1.52,54.476471
volume__short__w15__ge_40000,volume,3,2023-09-20,2024-07-22,208,300,0.71,730.0,2.43,29.11,-62.87,1.1335,4.69,2.43,155.682105
volume__short__w15__ge_40000,volume,4,2024-07-23,2025-05-23,208,308,0.7435,2270.0,7.37,44.21,-99.43,1.289,7.7,7.37,294.834503
volume__short__w15__ge_40000,volume,5,2025-05-26,2026-03-20,207,288,0.7118,755.0,2.62,32.61,-71.45,1.1273,4.45,2.62,169.517368
volume__short__w15__ge_50000,volume,1,2022-01-21,2022-11-21,208,365,0.7452,3645.0,9.99,51.45,-111.29,1.3522,10.47,9.99,348.193421
volume__short__w15__ge_50000,volume,2,2022-11-22,2023-09-19,208,271,0.7196,785.0,2.9,39.18,-90.2,1.1145,6.92,2.9,113.443403
volume__short__w15__ge_50000,volume,3,2023-09-20,2024-07-22,208,267,0.7116,800.0,3.0,28.92,-60.97,1.1704,5.64,3.0,141.931034
volume__short__w15__ge_50000,volume,4,2024-07-23,2025-05-23,208,257,0.7315,1375.0,5.35,44.34,-100.87,1.1976,8.06,5.35,170.546875
volume__short__w15__ge_50000,volume,5,2025-05-26,2026-03-20,207,246,0.6911,125.0,0.51,32.35,-70.72,1.0233,5.16,0.51,24.245283
volume__short__w25__ge_30000,volume,1,2022-01-21,2022-11-21,208,449,0.7416,4105.0,9.14,51.44,-112.28,1.3152,11.1,9.14,369.947576
volume__short__w25__ge_30000,volume,2,2022-11-22,2023-09-19,208,412,0.7282,1970.0,4.78,39.37,-87.86,1.2002,4.65,4.78,423.848485
volume__short__w25__ge_30000,volume,3,2023-09-20,2024-07-22,208,412,0.7039,730.0,1.77,28.31,-61.31,1.0976,6.32,1.77,115.420472
volume__short__w25__ge_30000,volume,4,2024-07-23,2025-05-23,208,390,0.7385,2705.0,6.94,43.21,-95.49,1.2777,8.04,6.94,336.622222
volume__short__w25__ge_30000,volume,5,2025-05-26,2026-03-20,207,431,0.7146,1105.0,2.56,31.66,-70.28,1.1278,5.9,2.56,187.34
volume__short__w25__ge_40000,volume,1,2022-01-21,2022-11-21,208,438,0.7466,4310.0,9.84,51.47,-112.79,1.3442,9.81,9.84,439.181695
volume__short__w25__ge_40000,volume,2,2022-11-22,2023-09-19,208,400,0.7275,1815.0,4.54,39.28,-88.21,1.1888,4.65,4.54,390.133333
volume__short__w25__ge_40000,volume,3,2023-09-20,2024-07-22,208,379,0.6966,445.0,1.17,28.64,-61.87,1.0625,8.65,1.17,51.430747
volume__short__w25__ge_40000,volume,4,2024-07-23,2025-05-23,208,381,0.7375,2595.0,6.81,43.36,-95.9,1.2706,8.49,6.81,305.496032
volume__short__w25__ge_40000,volume,5,2025-05-26,2026-03-20,207,392,0.7168,1130.0,2.88,32.14,-71.17,1.143,6.03,2.88,187.293284
volume__short__w25__ge_50000,volume,1,2022-01-21,2022-11-21,208,427,0.7447,4110.0,9.63,51.56,-112.71,1.3346,9.95,9.63,413.229153
volume__short__w25__ge_50000,volume,2,2022-11-22,2023-09-19,208,381,0.727,1675.0,4.4,39.28,-88.51,1.182,5.47,4.4,306.144958
volume__short__w25__ge_50000,volume,3,2023-09-20,2024-07-22,208,342,0.7047,665.0,1.94,28.96,-62.52,1.1053,6.79,1.94,97.918841
volume__short__w25__ge_50000,volume,4,2024-07-23,2025-05-23,208,359,0.7409,2495.0,6.95,43.59,-97.85,1.2742,9.34,6.95,267.012981
volume__short__w25__ge_50000,volume,5,2025-05-26,2026-03-20,207,333,0.7117,960.0,2.88,32.74,-70.83,1.1412,7.21,2.88,133.132075
volume__short__w30__ge_30000,volume,1,2022-01-21,2022-11-21,208,451,0.7428,4195.0,9.3,51.4,-112.28,1.3221,11.03,9.3,380.346667
volume__short__w30__ge_30000,volume,2,2022-11-22,2023-09-19,208,414,0.7295,2020.0,4.88,39.27,-87.86,1.2053,4.65,4.88,434.606061
volume__short__w30__ge_30000,volume,3,2023-09-20,2024-07-22,208,424,0.7005,675.0,1.59,28.3,-60.87,1.0873,6.32,1.59,106.830709
volume__short__w30__ge_30000,volume,4,2024-07-23,2025-05-23,208,396,0.7348,2620.0,6.62,43.26,-94.95,1.2628,8.08,6.62,324.152222
volume__short__w30__ge_30000,volume,5,2025-05-26,2026-03-20,207,448,0.7165,1265.0,2.82,31.53,-69.72,1.1429,6.3,2.82,200.874823
volume__short__w30__ge_40000,volume,1,2022-01-21,2022-11-21,208,445,0.7416,4055.0,9.11,51.5,-112.52,1.3134,11.13,9.11,364.212727
volume__short__w30__ge_40000,volume,2,2022-11-22,2023-09-19,208,408,0.7255,1805.0,4.42,39.36,-87.9,1.1833,4.67,4.42,386.342929
volume__short__w30__ge_40000,volume,3,2023-09-20,2024-07-22,208,404,0.7054,745.0,1.84,28.39,-61.72,1.1014,6.08,1.84,122.619672
volume__short__w30__ge_40000,volume,4,2024-07-23,2025-05-23,208,387,0.7364,2590.0,6.69,43.26,-95.49,1.2659,8.46,6.69,306.003704
volume__short__w30__ge_40000,volume,5,2025-05-26,2026-03-20,207,420,0.7143,1100.0,2.62,31.83,-70.42,1.1302,5.51,2.62,199.8
volume__short__w30__ge_50000,volume,1,2022-01-21,2022-11-21,208,438,0.7466,4310.0,9.84,51.47,-112.79,1.3442,9.81,9.84,439.181695
volume__short__w30__ge_50000,volume,2,2022-11-22,2023-09-19,208,399,0.7268,1780.0,4.46,39.29,-88.21,1.1851,4.65,4.46,382.610101
volume__short__w30__ge_50000,volume,3,2023-09-20,2024-07-22,208,371,0.6981,475.0,1.28,28.67,-62.05,1.0683,8.62,1.28,55.116379
volume__short__w30__ge_50000,volume,4,2024-07-23,2025-05-23,208,378,0.7381,2570.0,6.8,43.33,-96.16,1.27,8.9,6.8,288.611
volume__short__w30__ge_50000,volume,5,2025-05-26,2026-03-20,207,381,0.7087,810.0,2.13,32.15,-70.9,1.1029,6.28,2.13,129.063971
volume__both__w15__ge_30000,volume,1,2022-01-21,2022-11-21,208,412,0.7549,4625.0,11.23,51.69,-113.37,1.4039,8.84,11.23,523.192379
volume__both__w15__ge_30000,volume,2,2022-11-22,2023-09-19,208,342,0.7076,740.0,2.16,39.98,-89.35,1.0828,6.79,2.16,109.047222
volume__both__w15__ge_30000,volume,3,2023-09-20,2024-07-22,208,232,0.6983,315.0,1.36,30.56,-66.21,1.068,5.71,1.36,55.206466
volume__both__w15__ge_30000,volume,4,2024-07-23,2025-05-23,208,315,0.7429,2295.0,7.29,44.15,-99.2,1.2856,8.97,7.29,255.989552
volume__both__w15__ge_30000,volume,5,2025-05-26,2026-03-20,207,249,0.6827,-275.0,-1.1,33.88,-76.39,0.9544,7.67,-1.1,-35.876645
volume__both__w15__ge_40000,volume,1,2022-01-21,2022-11-21,208,383,0.7572,4565.0,11.92,52.0,-113.06,1.4341,9.15,11.92,498.90089
volume__both__w15__ge_40000,volume,2,2022-11-22,2023-09-19,208,223,0.6906,-225.0,-1.01,40.32,-93.26,0.965,11.26,-1.01,-19.988147
volume__both__w15__ge_40000,volume,3,2023-09-20,2024-07-22,208,114,0.7105,215.0,1.89,32.41,-73.03,1.0892,4.81,1.89,44.662371
volume__both__w15__ge_40000,volume,4,2024-07-23,2025-05-23,208,228,0.7368,1580.0,6.93,46.16,-102.92,1.2559,6.68,6.93,236.455172
volume__both__w15__ge_40000,volume,5,2025-05-26,2026-03-20,207,122,0.7377,690.0,5.66,36.06,-79.84,1.2701,2.75,5.66,250.532727
volume__both__w15__ge_50000,volume,1,2022-01-21,2022-11-21,208,294,0.7483,3185.0,10.83,52.7,-113.65,1.3787,10.3,10.83,309.210417
volume__both__w15__ge_50000,volume,2,2022-11-22,2023-09-19,208,115,0.6783,-295.0,-2.57,42.31,-97.16,0.9179,7.48,-2.57,-39.434839
volume__both__w15__ge_50000,volume,3,2023-09-20,2024-07-22,208,54,0.7593,515.0,9.54,34.63,-69.62,1.5691,3.18,9.54,162.064063
volume__both__w15__ge_50000,volume,4,2024-07-23,2025-05-23,208,119,0.7059,265.0,2.23,49.17,-110.43,1.0686,4.5,2.23,58.898387
volume__both__w15__ge_50000,volume,5,2025-05-26,2026-03-20,207,44,0.7727,515.0,11.7,38.97,-81.0,1.6358,2.19,11.7,235.585106
volume__both__w25__ge_30000,volume,1,2022-01-21,2022-11-21,208,448,0.7433,4205.0,9.39,51.5,-112.57,1.3248,11.02,9.39,381.508182
volume__both__w25__ge_30000,volume,2,2022-11-22,2023-09-19,208,404,0.7228,1690.0,4.18,39.5,-87.9,1.1717,4.7,4.18,359.509091
volume__both__w25__ge_30000,volume,3,2023-09-20,2024-07-22,208,382,0.712,940.0,2.46,28.6,-62.18,1.1374,4.12,2.46,227.978313
volume__both__w25__ge_30000,volume,4,2024-07-23,2025-05-23,208,378,0.7381,2555.0,6.76,43.33,-96.31,1.268,8.12,6.76,314.548889
volume__both__w25__ge_30000,volume,5,2025-05-26,2026-03-20,207,396,0.7071,635.0,1.6,31.84,-71.38,1.0767,6.27,1.6,101.319853
volume__both__w25__ge_40000,volume,1,2022-01-21,2022-11-21,208,432,0.75,4445.0,10.29,51.59,-113.61,1.3623,9.73,10.29,457.006271
volume__both__w25__ge_40000,volume,2,2022-11-22,2023-09-19,208,379,0.723,1500.0,3.96,39.47,-88.71,1.161,4.66,3.96,322.121212
volume__both__w25__ge_40000,volume,3,2023-09-20,2024-07-22,208,311,0.6977,360.0,1.16,29.42,-64.1,1.0598,8.63,1.16,41.710345
volume__both__w25__ge_40000,volume,4,2024-07-23,2025-05-23,208,356,0.7303,2080.0,5.84,43.77,-96.88,1.2237,8.83,5.84,235.442932
volume__both__w25__ge_40000,volume,5,2025-05-26,2026-03-20,207,317,0.7192,835.0,2.63,32.72,-74.44,1.126,5.96,2.63,140.052273
volume__both__w25__ge_50000,volume,1,2022-01-21,2022-11-21,208,414,0.7536,4585.0,11.07,51.71,-113.24,1.397,8.86,11.07,517.303903
volume__both__w25__ge_50000,volume,2,2022-11-22,2023-09-19,208,345,0.7159,1140.0,3.3,39.98,-89.13,1.1305,5.5,3.3,207.211765
volume__both__w25__ge_50000,volume,3,2023-09-20,2024-07-22,208,217,0.7097,490.0,2.26,30.97,-67.94,1.1145,4.73,2.26,103.657732
volume__both__w25__ge_50000,volume,4,2024-07-23,2025-05-23,208,319,0.7367,1995.0,6.25,44.21,-99.94,1.2376,9.69,6.25,205.929384
volume__both__w25__ge_50000,volume,5,2025-05-26,2026-03-20,207,219,0.7169,735.0,3.36,34.68,-75.97,1.1561,4.54,3.36,161.945
volume__both__w30__ge_30000,volume,1,2022-01-21,2022-11-21,208,450,0.7444,4285.0,9.52,51.43,-112.57,1.331,10.96,9.52,390.843939
volume__both__w30__ge_30000,volume,2,2022-11-22,2023-09-19,208,410,0.7293,1980.0,4.83,39.31,-88.06,1.2026,4.67,4.83,424.4
volume__both__w30__ge_30000,volume,3,2023-09-20,2024-07-22,208,407,0.7027,785.0,1.93,28.51,-60.91,1.1065,5.95,1.93,131.88
volume__both__w30__ge_30000,volume,4,2024-07-23,2025-05-23,208,391,0.7366,2635.0,6.74,43.3,-95.49,1.2679,8.08,6.74,326.300833
volume__both__w30__ge_30000,volume,5,2025-05-26,2026-03-20,207,426,0.7136,1015.0,2.38,31.6,-70.41,1.1182,6.57,2.38,154.528571
volume__both__w30__ge_40000,volume,1,2022-01-21,2022-11-21,208,442,0.7443,4190.0,9.48,51.6,-113.14,1.3277,11.03,9.48,379.766364
volume__both__w30__ge_40000,volume,2,2022-11-22,2023-09-19,208,392,0.7219,1585.0,4.04,39.56,-88.17,1.1649,4.68,4.04,338.933838
volume__both__w30__ge_40000,volume,3,2023-09-20,2024-07-22,208,364,0.7115,890.0,2.45,28.84,-62.67,1.1353,4.53,2.45,196.386813
volume__both__w30__ge_40000,volume,4,2024-07-23,2025-05-23,208,375,0.7333,2320.0,6.19,43.4,-96.15,1.2413,8.67,6.19,267.468063
volume__both__w30__ge_40000,volume,5,2025-05-26,2026-03-20,207,370,0.7081,640.0,1.73,32.14,-72.04,1.0823,5.68,1.73,112.764602
volume__both__w30__ge_50000,volume,1,2022-01-21,2022-11-21,208,430,0.7535,4695.0,10.92,51.6,-113.44,1.3904,8.8,10.92,533.554461
volume__both__w30__ge_50000,volume,2,2022-11-22,2023-09-19,208,376,0.7234,1505.0,4.0,39.54,-88.94,1.1627,4.93,4.0,305.401415
volume__both__w30__ge_50000,volume,3,2023-09-20,2024-07-22,208,288,0.6979,360.0,1.25,29.75,-64.6,1.0641,8.67,1.25,41.502273
volume__both__w30__ge_50000,volume,4,2024-07-23,2025-05-23,208,352,0.7301,2025.0,5.75,43.79,-97.16,1.2194,9.22,5.75,219.542079
volume__both__w30__ge_50000,volume,5,2025-05-26,2026-03-20,207,300,0.7133,690.0,2.3,32.9,-73.84,1.1087,6.4,2.3,107.737795
relvol__long__lb20__ge_0.85,relvol,1,2022-01-21,2022-11-21,208,429,0.7436,4160.0,9.7,51.91,-112.73,1.3355,10.37,9.7,401.045752
relvol__long__lb20__ge_0.85,relvol,2,2022-11-22,2023-09-19,208,384,0.7135,1140.0,2.97,39.27,-87.45,1.1185,6.08,2.97,187.525581
relvol__long__lb20__ge_0.85,relvol,3,2023-09-20,2024-07-22,208,409,0.6944,480.0,1.17,28.47,-60.84,1.0631,7.22,1.17,66.471724
relvol__long__lb20__ge_0.85,relvol,4,2024-07-23,2025-05-23,208,378,0.7407,2895.0,7.66,43.7,-95.31,1.31,8.49,7.66,341.1
relvol__long__lb20__ge_0.85,relvol,5,2025-05-26,2026-03-20,207,422,0.7085,840.0,1.99,31.47,-69.67,1.098,5.63,1.99,149.267257
relvol__long__lb20__ge_1.00,relvol,1,2022-01-21,2022-11-21,208,392,0.7602,4905.0,12.51,52.48,-114.2,1.4569,7.21,12.51,679.95
relvol__long__lb20__ge_1.00,relvol,2,2022-11-22,2023-09-19,208,344,0.7093,935.0,2.72,39.73,-87.6,1.1067,5.3,2.72,176.40885
relvol__long__lb20__ge_1.00,relvol,3,2023-09-20,2024-07-22,208,361,0.7036,725.0,2.01,28.72,-61.4,1.1104,6.37,2.01,113.734375
relvol__long__lb20__ge_1.00,relvol,4,2024-07-23,2025-05-23,208,345,0.7362,2450.0,7.1,43.98,-95.82,1.281,7.5,7.1,326.865854
relvol__long__lb20__ge_1.00,relvol,5,2025-05-26,2026-03-20,207,390,0.7103,820.0,2.1,31.71,-70.49,1.103,6.06,2.1,135.361194
relvol__long__lb20__ge_1.15,relvol,1,2022-01-21,2022-11-21,208,341,0.7507,3800.0,11.14,52.89,-114.59,1.3901,6.45,11.14,589.426966
relvol__long__lb20__ge_1.15,relvol,2,2022-11-22,2023-09-19,208,304,0.7138,995.0,3.27,39.98,-88.28,1.1296,5.48,3.27,181.421667
relvol__long__lb20__ge_1.15,relvol,3,2023-09-20,2024-07-22,208,313,0.7061,630.0,2.01,28.71,-62.12,1.1102,8.05,2.01,78.283333
relvol__long__lb20__ge_1.15,relvol,4,2024-07-23,2025-05-23,208,301,0.7409,2340.0,7.77,44.48,-97.18,1.3087,7.44,7.77,314.392638
relvol__long__lb20__ge_1.15,relvol,5,2025-05-26,2026-03-20,207,355,0.7127,835.0,2.35,31.72,-70.49,1.1161,6.08,2.35,137.283824
relvol__long__lb20__ge_1.30,relvol,1,2022-01-21,2022-11-21,208,312,0.7436,3055.0,9.79,52.76,-114.81,1.3326,6.45,9.79,473.828477
relvol__long__lb20__ge_1.30,relvol,2,2022-11-22,2023-09-19,208,266,0.7256,1360.0,5.11,40.16,-87.53,1.2128,5.21,5.11,260.862069
relvol__long__lb20__ge_1.30,relvol,3,2023-09-20,2024-07-22,208,286,0.7063,535.0,1.87,28.76,-62.8,1.1014,7.28,1.87,73.444218
relvol__long__lb20__ge_1.30,relvol,4,2024-07-23,2025-05-23,208,273,0.7289,1745.0,6.39,44.8,-96.89,1.2434,7.23,6.39,241.503526
relvol__long__lb20__ge_1.30,relvol,5,2025-05-26,2026-03-20,207,321,0.704,455.0,1.42,31.68,-70.58,1.0679,5.44,1.42,83.611111
relvol__long__lb40__ge_0.85,relvol,1,2022-01-21,2022-11-21,208,432,0.75,4565.0,10.57,51.77,-113.06,1.3739,10.1,10.57,452.173693
relvol__long__lb40__ge_0.85,relvol,2,2022-11-22,2023-09-19,208,379,0.7098,945.0,2.49,39.29,-87.5,1.0982,6.13,2.49,154.056977
relvol__long__lb40__ge_0.85,relvol,3,2023-09-20,2024-07-22,208,398,0.696,515.0,1.29,28.63,-61.28,1.0695,5.93,1.29,86.90084
relvol__long__lb40__ge_0.85,relvol,4,2024-07-23,2025-05-23,208,373,0.7373,2705.0,7.25,43.91,-95.61,1.2887,8.68,7.25,311.705699
relvol__long__lb40__ge_0.85,relvol,5,2025-05-26,2026-03-20,207,419,0.7064,740.0,1.77,31.52,-69.84,1.0861,6.1,1.77,121.271642
relvol__long__lb40__ge_1.00,relvol,1,2022-01-21,2022-11-21,208,398,0.7563,4715.0,11.85,52.38,-113.92,1.4267,8.11,11.85,581.645492
relvol__long__lb40__ge_1.00,relvol,2,2022-11-22,2023-09-19,208,340,0.7118,1070.0,3.15,39.63,-86.94,1.1256,5.24,3.15,204.341593
relvol__long__lb40__ge_1.00,relvol,3,2023-09-20,2024-07-22,208,358,0.7067,870.0,2.43,28.91,-61.38,1.135,6.56,2.43,132.675
relvol__long__lb40__ge_1.00,relvol,4,2024-07-23,2025-05-23,208,342,0.7398,2660.0,7.78,44.35,-96.18,1.3107,7.42,7.78,358.374545
relvol__long__lb40__ge_1.00,relvol,5,2025-05-26,2026-03-20,207,385,0.7169,1045.0,2.71,31.68,-70.64,1.1357,5.94,2.71,176.012313
relvol__long__lb40__ge_1.15,relvol,1,2022-01-21,2022-11-21,208,342,0.7515,3855.0,11.27,52.8,-114.29,1.3968,5.02,11.27,768.467518
relvol__long__lb40__ge_1.15,relvol,2,2022-11-22,2023-09-19,208,306,0.7059,705.0,2.3,39.86,-87.83,1.0892,6.96,2.3,101.285
relvol__long__lb40__ge_1.15,relvol,3,2023-09-20,2024-07-22,208,318,0.7013,560.0,1.76,28.9,-61.95,1.0952,7.36,1.76,76.091892
relvol__long__lb40__ge_1.15,relvol,4,2024-07-23,2025-05-23,208,304,0.7303,2025.0,6.66,44.91,-96.89,1.2549,7.43,6.66,272.567485
relvol__long__lb40__ge_1.15,relvol,5,2025-05-26,2026-03-20,207,351,0.7066,645.0,1.84,31.94,-70.63,1.0887,6.39,1.84,100.988571
relvol__long__lb40__ge_1.30,relvol,1,2022-01-21,2022-11-21,208,318,0.7516,3595.0,11.31,52.91,-114.56,1.3972,6.34,11.31,567.257558
relvol__long__lb40__ge_1.30,relvol,2,2022-11-22,2023-09-19,208,269,0.7212,1095.0,4.07,39.95,-88.73,1.1645,4.48,4.07,244.207812
relvol__long__lb40__ge_1.30,relvol,3,2023-09-20,2024-07-22,208,283,0.7102,725.0,2.56,29.08,-62.44,1.1416,6.72,2.56,107.837037
relvol__long__lb40__ge_1.30,relvol,4,2024-07-23,2025-05-23,208,272,0.7316,1890.0,6.95,45.15,-97.19,1.2664,6.46,6.95,292.610072
relvol__long__lb40__ge_1.30,relvol,5,2025-05-26,2026-03-20,207,321,0.704,500.0,1.56,31.84,-70.47,1.0747,7.16,1.56,69.839744
relvol__long__lb60__ge_0.85,relvol,1,2022-01-21,2022-11-21,208,437,0.746,4375.0,10.01,51.72,-112.48,1.3504,10.22,10.01,427.920752
relvol__long__lb60__ge_0.85,relvol,2,2022-11-22,2023-09-19,208,378,0.7143,1145.0,3.03,39.31,-87.69,1.1209,6.06,3.03,188.96938
relvol__long__lb60__ge_0.85,relvol,3,2023-09-20,2024-07-22,208,397,0.7028,720.0,1.81,28.66,-61.65,1.099,5.22,1.81,138.034286
relvol__long__lb60__ge_0.85,relvol,4,2024-07-23,2025-05-23,208,374,0.7353,2620.0,7.01,43.91,-95.51,1.2771,8.74,7.01,299.603109
relvol__long__lb60__ge_0.85,relvol,5,2025-05-26,2026-03-20,207,410,0.7073,750.0,1.83,31.69,-70.33,1.0889,6.1,1.83,123.022388
relvol__long__lb60__ge_1.00,relvol,1,2022-01-21,2022-11-21,208,402,0.7587,4960.0,12.34,52.34,-113.45,1.4507,7.19,12.34,690.077064
relvol__long__lb60__ge_1.00,relvol,2,2022-11-22,2023-09-19,208,343,0.7201,1375.0,4.01,39.62,-87.6,1.1635,5.21,4.01,263.926991
relvol__long__lb60__ge_1.00,relvol,3,2023-09-20,2024-07-22,208,356,0.7079,900.0,2.53,28.91,-61.39,1.141,6.7,2.53,134.4
relvol__long__lb60__ge_1.00,relvol,4,2024-07-23,2025-05-23,208,342,0.7368,2555.0,7.47,44.54,-96.33,1.2947,6.85,7.47,373.097682
relvol__long__lb60__ge_1.00,relvol,5,2025-05-26,2026-03-20,207,382,0.712,900.0,2.36,31.8,-70.45,1.1161,5.46,2.36,164.752066
relvol__long__lb60__ge_1.15,relvol,1,2022-01-21,2022-11-21,208,351,0.7436,3585.0,10.21,52.91,-113.61,1.3506,5.48,10.21,654.330916
relvol__long__lb60__ge_1.15,relvol,2,2022-11-22,2023-09-19,208,293,0.7099,870.0,2.97,40.1,-87.88,1.1165,5.56,2.97,156.455
relvol__long__lb60__ge_1.15,relvol,3,2023-09-20,2024-07-22,208,316,0.6962,490.0,1.55,29.25,-61.93,1.0824,7.92,1.55,61.831875
relvol__long__lb60__ge_1.15,relvol,4,2024-07-23,2025-05-23,208,306,0.7288,1970.0,6.44,44.84,-96.75,1.2453,7.47,6.44,263.834969
relvol__long__lb60__ge_1.15,relvol,5,2025-05-26,2026-03-20,207,341,0.7067,640.0,1.88,31.97,-70.65,1.0906,7.36,1.88,86.930061
relvol__long__lb60__ge_1.30,relvol,1,2022-01-21,2022-11-21,208,317,0.7476,3370.0,10.63,53.02,-114.94,1.3665,6.86,10.63,491.030978
relvol__long__lb60__ge_1.30,relvol,2,2022-11-22,2023-09-19,208,265,0.7245,1255.0,4.74,40.0,-88.01,1.1953,4.05,4.74,309.71092
relvol__long__lb60__ge_1.30,relvol,3,2023-09-20,2024-07-22,208,282,0.7092,690.0,2.45,29.1,-62.56,1.1345,6.13,2.45,112.643902
relvol__long__lb60__ge_1.30,relvol,4,2024-07-23,2025-05-23,208,275,0.7309,1975.0,7.18,45.32,-96.42,1.2768,6.43,7.18,307.332734
relvol__long__lb60__ge_1.30,relvol,5,2025-05-26,2026-03-20,207,321,0.7072,575.0,1.79,31.94,-71.01,1.0861,7.07,1.79,81.353226
relvol__short__lb20__ge_0.85,relvol,1,2022-01-21,2022-11-21,208,423,0.7329,3255.0,7.7,51.4,-112.21,1.2567,10.92,7.7,298.179344
relvol__short__lb20__ge_0.85,relvol,2,2022-11-22,2023-09-19,208,380,0.7289,1800.0,4.74,39.33,-88.3,1.1979,5.07,4.74,355.0
relvol__short__lb20__ge_0.85,relvol,3,2023-09-20,2024-07-22,208,398,0.706,795.0,2.0,28.52,-61.71,1.1101,5.81,2.0,136.766949
relvol__short__lb20__ge_0.85,relvol,4,2024-07-23,2025-05-23,208,364,0.75,3160.0,8.68,43.63,-96.15,1.3611,8.24,8.68,383.379894
relvol__short__lb20__ge_0.85,relvol,5,2025-05-26,2026-03-20,207,407,0.7125,900.0,2.21,31.81,-71.15,1.1081,6.89,2.21,130.649007
relvol__short__lb20__ge_1.00,relvol,1,2022-01-21,2022-11-21,208,382,0.7435,3450.0,9.03,51.07,-112.81,1.3121,9.38,9.03,367.656716
relvol__short__lb20__ge_1.00,relvol,2,2022-11-22,2023-09-19,208,344,0.7267,1520.0,4.42,39.48,-88.83,1.182,5.92,4.42,256.952381
relvol__short__lb20__ge_1.00,relvol,3,2023-09-20,2024-07-22,208,366,0.7049,675.0,1.84,28.7,-62.31,1.1003,6.19,1.84,109.134
relvol__short__lb20__ge_1.00,relvol,4,2024-07-23,2025-05-23,208,330,0.7394,2285.0,6.92,43.69,-97.38,1.2728,8.72,6.92,261.958929
relvol__short__lb20__ge_1.00,relvol,5,2025-05-26,2026-03-20,207,372,0.7043,515.0,1.38,32.1,-71.77,1.0652,7.75,1.38,66.42259
relvol__short__lb20__ge_1.15,relvol,1,2022-01-21,2022-11-21,208,326,0.7577,3640.0,11.17,51.5,-114.94,1.4009,7.36,11.17,494.763981
relvol__short__lb20__ge_1.15,relvol,2,2022-11-22,2023-09-19,208,311,0.7299,1390.0,4.47,38.96,-88.75,1.1865,6.42,4.47,216.487313
relvol__short__lb20__ge_1.15,relvol,3,2023-09-20,2024-07-22,208,337,0.7062,690.0,2.05,28.91,-62.53,1.1115,6.07,2.05,113.765854
relvol__short__lb20__ge_1.15,relvol,4,2024-07-23,2025-05-23,208,283,0.7491,2330.0,8.23,44.46,-99.93,1.3284,6.47,8.23,360.032877
relvol__short__lb20__ge_1.15,relvol,5,2025-05-26,2026-03-20,207,337,0.7033,525.0,1.56,32.45,-71.65,1.0733,7.14,1.56,73.569536
relvol__short__lb20__ge_1.30,relvol,1,2022-01-21,2022-11-21,208,289,0.7474,2715.0,9.39,51.39,-114.86,1.3238,9.3,9.39,291.915945
relvol__short__lb20__ge_1.30,relvol,2,2022-11-22,2023-09-19,208,278,0.7266,1090.0,3.92,39.01,-89.34,1.1605,4.93,3.92,220.885294
relvol__short__lb20__ge_1.30,relvol,3,2023-09-20,2024-07-22,208,305,0.7115,785.0,2.57,28.89,-62.33,1.1431,5.97,2.57,131.390984
relvol__short__lb20__ge_1.30,relvol,4,2024-07-23,2025-05-23,208,261,0.7395,1845.0,7.07,44.84,-100.15,1.2709,8.08,7.07,228.433425
relvol__short__lb20__ge_1.30,relvol,5,2025-05-26,2026-03-20,207,300,0.6933,240.0,0.8,32.52,-70.92,1.0368,6.6,0.8,36.352941
relvol__short__lb40__ge_0.85,relvol,1,2022-01-21,2022-11-21,208,426,0.7347,3345.0,7.85,51.25,-112.35,1.2635,11.87,7.85,281.767059
relvol__short__lb40__ge_0.85,relvol,2,2022-11-22,2023-09-19,208,370,0.7243,1500.0,4.05,39.35,-88.68,1.1658,6.41,4.05,233.933824
relvol__short__lb40__ge_0.85,relvol,3,2023-09-20,2024-07-22,208,396,0.7096,910.0,2.3,28.7,-62.22,1.1272,5.64,2.3,161.426087
relvol__short__lb40__ge_0.85,relvol,4,2024-07-23,2025-05-23,208,369,0.7425,2840.0,7.7,43.65,-96.0,1.3114,8.08,7.7,351.528889
relvol__short__lb40__ge_0.85,relvol,5,2025-05-26,2026-03-20,207,403,0.7146,1010.0,2.51,31.93,-71.17,1.1234,6.29,2.51,160.575362
relvol__short__lb40__ge_1.00,relvol,1,2022-01-21,2022-11-21,208,392,0.7423,3520.0,8.98,51.1,-112.38,1.3101,10.11,8.98,348.250172
relvol__short__lb40__ge_1.00,relvol,2,2022-11-22,2023-09-19,208,336,0.7262,1470.0,4.38,39.24,-88.1,1.1814,6.01,4.38,244.502344
relvol__short__lb40__ge_1.00,relvol,3,2023-09-20,2024-07-22,208,368,0.7065,760.0,2.07,28.85,-62.41,1.1128,5.43,2.07,139.909091
relvol__short__lb40__ge_1.00,relvol,4,2024-07-23,2025-05-23,208,326,0.7454,2500.0,7.67,43.85,-98.25,1.3066,8.66,7.67,288.647959
relvol__short__lb40__ge_1.00,relvol,5,2025-05-26,2026-03-20,207,369,0.71,760.0,2.06,32.31,-72.01,1.0986,6.07,2.06,125.283077
relvol__short__lb40__ge_1.15,relvol,1,2022-01-21,2022-11-21,208,336,0.753,3535.0,10.52,51.44,-114.22,1.3729,7.77,10.52,455.091441
relvol__short__lb40__ge_1.15,relvol,2,2022-11-22,2023-09-19,208,302,0.7219,1000.0,3.31,38.83,-88.87,1.134,6.63,3.31,150.814815
relvol__short__lb40__ge_1.15,relvol,3,2023-09-20,2024-07-22,208,336,0.7024,555.0,1.65,28.94,-62.75,1.0884,5.87,1.65,94.491102
relvol__short__lb40__ge_1.15,relvol,4,2024-07-23,2025-05-23,208,293,0.744,2245.0,7.66,44.54,-99.53,1.3007,6.7,7.66,334.941946
relvol__short__lb40__ge_1.15,relvol,5,2025-05-26,2026-03-20,207,333,0.6937,205.0,0.62,32.55,-71.72,1.028,7.91,0.62,25.91697
relvol__short__lb40__ge_1.30,relvol,1,2022-01-21,2022-11-21,208,294,0.7517,2995.0,10.19,51.47,-114.79,1.3574,8.42,10.19,355.543777
relvol__short__lb40__ge_1.30,relvol,2,2022-11-22,2023-09-19,208,270,0.7111,355.0,1.31,38.41,-90.0,1.0506,9.44,1.31,37.618848
relvol__short__lb40__ge_1.30,relvol,3,2023-09-20,2024-07-22,208,315,0.7143,885.0,2.81,28.96,-62.56,1.1572,4.84,2.81,182.810606
relvol__short__lb40__ge_1.30,relvol,4,2024-07-23,2025-05-23,208,260,0.7385,1790.0,6.88,44.9,-100.44,1.2621,8.07,6.88,221.722652
relvol__short__lb40__ge_1.30,relvol,5,2025-05-26,2026-03-20,207,304,0.6743,-410.0,-1.35,32.68,-71.82,0.9423,11.75,-1.35,-34.900826
relvol__short__lb60__ge_0.85,relvol,1,2022-01-21,2022-11-21,208,433,0.7367,3615.0,8.35,51.49,-112.37,1.2822,12.17,8.35,297.130342
relvol__short__lb60__ge_0.85,relvol,2,2022-11-22,2023-09-19,208,365,0.7178,1275.0,3.49,39.48,-88.06,1.1406,5.92,3.49,215.22
relvol__short__lb60__ge_0.85,relvol,3,2023-09-20,2024-07-22,208,392,0.7117,935.0,2.39,28.67,-62.52,1.1323,5.34,2.39,175.052778
relvol__short__lb60__ge_0.85,relvol,4,2024-07-23,2025-05-23,208,371,0.7439,2935.0,7.91,43.68,-96.0,1.3218,7.99,7.91,367.527222
relvol__short__lb60__ge_0.85,relvol,5,2025-05-26,2026-03-20,207,396,0.7121,920.0,2.32,31.99,-71.05,1.1136,6.34,2.32,145.066667
relvol__short__lb60__ge_1.00,relvol,1,2022-01-21,2022-11-21,208,393,0.7405,3415.0,8.69,51.08,-112.25,1.2983,10.13,8.69,337.04055
relvol__short__lb60__ge_1.00,relvol,2,2022-11-22,2023-09-19,208,331,0.7281,1480.0,4.47,39.09,-88.22,1.1864,6.15,4.47,240.528244
relvol__short__lb60__ge_1.00,relvol,3,2023-09-20,2024-07-22,208,362,0.7072,795.0,2.2,28.98,-62.5,1.12,5.38,2.2,147.694954
relvol__short__lb60__ge_1.00,relvol,4,2024-07-23,2025-05-23,208,331,0.7462,2600.0,7.85,43.85,-97.98,1.3159,8.24,7.85,315.475936
relvol__short__lb60__ge_1.00,relvol,5,2025-05-26,2026-03-20,207,362,0.7044,535.0,1.48,32.31,-72.01,1.0694,6.02,1.48,88.911905
relvol__short__lb60__ge_1.15,relvol,1,2022-01-21,2022-11-21,208,343,0.758,3920.0,11.43,51.58,-114.34,1.4131,7.61,11.43,515.25045
relvol__short__lb60__ge_1.15,relvol,2,2022-11-22,2023-09-19,208,297,0.7239,1125.0,3.79,38.98,-88.48,1.1551,6.78,3.79,166.037234
relvol__short__lb60__ge_1.15,relvol,3,2023-09-20,2024-07-22,208,337,0.7003,500.0,1.48,29.0,-62.82,1.0788,6.32,1.48,79.133858
relvol__short__lb60__ge_1.15,relvol,4,2024-07-23,2025-05-23,208,294,0.7449,2265.0,7.7,44.43,-99.53,1.3034,6.71,7.7,337.773826
relvol__short__lb60__ge_1.15,relvol,5,2025-05-26,2026-03-20,207,325,0.6954,305.0,0.94,32.77,-71.72,1.043,7.2,0.94,42.354333
relvol__short__lb60__ge_1.30,relvol,1,2022-01-21,2022-11-21,208,298,0.7517,3055.0,10.25,51.5,-114.59,1.3603,8.8,10.25,347.239095
relvol__short__lb60__ge_1.30,relvol,2,2022-11-22,2023-09-19,208,262,0.7176,525.0,2.0,38.35,-90.34,1.0785,8.0,2.0,65.592593
relvol__short__lb60__ge_1.30,relvol,3,2023-09-20,2024-07-22,208,314,0.7102,775.0,2.47,29.15,-62.91,1.1354,5.79,2.47,133.851695
relvol__short__lb60__ge_1.30,relvol,4,2024-07-23,2025-05-23,208,269,0.7435,2005.0,7.45,44.6,-100.22,1.2899,7.28,7.45,275.231818
relvol__short__lb60__ge_1.30,relvol,5,2025-05-26,2026-03-20,207,294,0.6837,-50.0,-0.17,32.99,-71.83,0.9925,8.97,-0.17,-5.572973
relvol__both__lb20__ge_0.85,relvol,1,2022-01-21,2022-11-21,208,399,0.7368,3430.0,8.6,51.94,-112.76,1.2897,10.45,8.6,328.199315
relvol__both__lb20__ge_0.85,relvol,2,2022-11-22,2023-09-19,208,345,0.713,1005.0,2.91,39.53,-88.08,1.1153,5.7,2.91,176.29375
relvol__both__lb20__ge_0.85,relvol,3,2023-09-20,2024-07-22,208,371,0.7008,585.0,1.58,28.87,-62.34,1.0845,5.92,1.58,98.761765
relvol__both__lb20__ge_0.85,relvol,4,2024-07-23,2025-05-23,208,340,0.7529,3180.0,9.35,44.14,-96.67,1.3916,8.63,9.35,368.376238
relvol__both__lb20__ge_0.85,relvol,5,2025-05-26,2026-03-20,207,365,0.7151,790.0,2.16,31.99,-72.69,1.1045,6.2,2.16,127.437956
relvol__both__lb20__ge_1.00,relvol,1,2022-01-21,2022-11-21,208,321,0.7695,4370.0,13.61,52.31,-115.54,1.5111,5.7,13.61,766.189222
relvol__both__lb20__ge_1.00,relvol,2,2022-11-22,2023-09-19,208,269,0.7026,520.0,1.93,40.4,-88.94,1.0731,8.03,1.93,64.724706
relvol__both__lb20__ge_1.00,relvol,3,2023-09-20,2024-07-22,208,291,0.7113,710.0,2.44,29.49,-64.23,1.1316,4.1,2.44,173.170732
relvol__both__lb20__ge_1.00,relvol,4,2024-07-23,2025-05-23,208,273,0.7363,1860.0,6.81,44.7,-98.96,1.2611,8.15,6.81,228.16
relvol__both__lb20__ge_1.00,relvol,5,2025-05-26,2026-03-20,207,298,0.7081,385.0,1.29,32.75,-75.0,1.059,7.57,1.29,50.871646
relvol__both__lb20__ge_1.15,relvol,1,2022-01-21,2022-11-21,208,214,0.785,3455.0,16.14,53.78,-121.3,1.6192,3.56,16.14,971.015698
relvol__both__lb20__ge_1.15,relvol,2,2022-11-22,2023-09-19,208,196,0.7092,450.0,2.3,40.22,-90.18,1.0875,4.87,2.3,92.316832
relvol__both__lb20__ge_1.15,relvol,3,2023-09-20,2024-07-22,208,214,0.7196,630.0,2.94,30.06,-66.67,1.1575,5.05,2.94,124.752475
relvol__both__lb20__ge_1.15,relvol,4,2024-07-23,2025-05-23,208,182,0.7582,1795.0,9.86,47.1,-106.93,1.3815,5.64,9.86,318.074
relvol__both__lb20__ge_1.15,relvol,5,2025-05-26,2026-03-20,207,228,0.7105,410.0,1.8,33.52,-76.06,1.0817,6.71,1.8,61.075862
relvol__both__lb20__ge_1.30,relvol,1,2022-01-21,2022-11-21,208,148,0.7635,1785.0,12.06,54.12,-123.71,1.4122,7.8,12.06,228.722034
relvol__both__lb20__ge_1.30,relvol,2,2022-11-22,2023-09-19,208,125,0.72,515.0,4.12,41.11,-91.0,1.1617,4.13,4.12,124.547126
relvol__both__lb20__ge_1.30,relvol,3,2023-09-20,2024-07-22,208,155,0.7355,630.0,4.06,30.57,-69.63,1.2207,5.1,4.06,123.455769
relvol__both__lb20__ge_1.30,relvol,4,2024-07-23,2025-05-23,208,132,0.7197,715.0,5.42,49.74,-108.38,1.1783,7.23,5.42,98.961465
relvol__both__lb20__ge_1.30,relvol,5,2025-05-26,2026-03-20,207,157,0.6752,-255.0,-1.62,34.34,-76.37,0.9345,6.62,-1.62,-38.53125
relvol__both__lb40__ge_0.85,relvol,1,2022-01-21,2022-11-21,208,405,0.7457,3925.0,9.69,51.62,-113.25,1.3365,10.73,9.69,365.795095
relvol__both__lb40__ge_0.85,relvol,2,2022-11-22,2023-09-19,208,330,0.703,510.0,1.55,39.59,-88.52,1.0588,8.83,1.55,57.781622
relvol__both__lb40__ge_0.85,relvol,3,2023-09-20,2024-07-22,208,358,0.7067,735.0,2.05,29.25,-63.48,1.1103,5.22,2.05,140.828774
relvol__both__lb40__ge_0.85,relvol,4,2024-07-23,2025-05-23,208,340,0.7412,2670.0,7.85,44.4,-96.82,1.3134,8.67,7.85,307.810881
relvol__both__lb40__ge_0.85,relvol,5,2025-05-26,2026-03-20,207,358,0.7151,800.0,2.23,32.19,-72.94,1.1075,6.21,2.23,128.759124
relvol__both__lb40__ge_1.00,relvol,1,2022-01-21,2022-11-21,208,337,0.7626,4250.0,12.61,52.18,-114.5,1.464,7.35,12.61,578.275463
relvol__both__lb40__ge_1.00,relvol,2,2022-11-22,2023-09-19,208,257,0.7043,605.0,2.35,39.97,-87.24,1.0913,6.46,2.35,93.708759
relvol__both__lb40__ge_1.00,relvol,3,2023-09-20,2024-07-22,208,290,0.7172,940.0,3.24,29.9,-64.39,1.178,4.81,3.24,195.364948
relvol__both__lb40__ge_1.00,relvol,4,2024-07-23,2025-05-23,208,266,0.7481,2285.0,8.59,45.38,-100.67,1.3388,8.01,8.59,285.183149
relvol__both__lb40__ge_1.00,relvol,5,2025-05-26,2026-03-20,207,290,0.7241,855.0,2.95,32.98,-75.88,1.1409,5.7,2.95,150.1
relvol__both__lb40__ge_1.15,relvol,1,2022-01-21,2022-11-21,208,225,0.7778,3405.0,15.13,53.49,-119.1,1.5718,3.57,15.13,952.999412
relvol__both__lb40__ge_1.15,relvol,2,2022-11-22,2023-09-19,208,189,0.6825,-230.0,-1.22,39.88,-89.58,0.9572,8.41,-1.22,-27.357895
relvol__both__lb40__ge_1.15,relvol,3,2023-09-20,2024-07-22,208,218,0.7064,425.0,1.95,30.39,-66.48,1.0999,6.1,1.95,69.706967
relvol__both__lb40__ge_1.15,relvol,4,2024-07-23,2025-05-23,208,195,0.7333,1395.0,7.15,47.8,-104.62,1.2564,5.3,7.15,263.366379
relvol__both__lb40__ge_1.15,relvol,5,2025-05-26,2026-03-20,207,220,0.6864,-100.0,-0.45,34.14,-76.16,0.981,8.47,-0.45,-11.803371
relvol__both__lb40__ge_1.30,relvol,1,2022-01-21,2022-11-21,208,159,0.7862,2605.0,16.38,54.36,-123.24,1.6217,3.46,16.38,753.952874
relvol__both__lb40__ge_1.30,relvol,2,2022-11-22,2023-09-19,208,120,0.675,-485.0,-4.04,39.44,-94.36,0.8682,10.39,-4.04,-46.672464
relvol__both__lb40__ge_1.30,relvol,3,2023-09-20,2024-07-22,208,162,0.7469,920.0,5.68,31.12,-69.39,1.3234,2.97,5.68,309.686154
relvol__both__lb40__ge_1.30,relvol,4,2024-07-23,2025-05-23,208,130,0.7231,805.0,6.19,50.64,-109.86,1.2035,6.46,6.19,124.6025
relvol__both__lb40__ge_1.30,relvol,5,2025-05-26,2026-03-20,207,161,0.6398,-860.0,-5.34,35.05,-77.07,0.8076,13.35,-5.34,-64.406522
relvol__both__lb60__ge_0.85,relvol,1,2022-01-21,2022-11-21,208,417,0.7434,4005.0,9.6,51.81,-112.66,1.3322,11.17,9.6,358.612844
relvol__both__lb60__ge_0.85,relvol,2,2022-11-22,2023-09-19,208,324,0.7006,485.0,1.5,39.78,-88.09,1.0568,6.79,1.5,71.477305
relvol__both__lb60__ge_0.85,relvol,3,2023-09-20,2024-07-22,208,353,0.7167,965.0,2.73,29.25,-64.35,1.15,4.36,2.73,221.401705
relvol__both__lb60__ge_0.85,relvol,4,2024-07-23,2025-05-23,208,343,0.7405,2680.0,7.81,44.43,-96.69,1.3114,8.64,7.81,310.213472
relvol__both__lb60__ge_0.85,relvol,5,2025-05-26,2026-03-20,207,342,0.7135,720.0,2.11,32.48,-73.52,1.0999,6.26,2.11,115.042336
relvol__both__lb60__ge_1.00,relvol,1,2022-01-21,2022-11-21,208,342,0.7632,4390.0,12.84,52.13,-113.77,1.4764,6.43,12.84,682.760526
relvol__both__lb60__ge_1.00,relvol,2,2022-11-22,2023-09-19,208,255,0.7176,920.0,3.61,39.75,-88.26,1.1448,5.74,3.61,160.170492
relvol__both__lb60__ge_1.00,relvol,3,2023-09-20,2024-07-22,208,282,0.7199,1005.0,3.56,30.1,-64.62,1.1969,5.1,3.56,196.901942
relvol__both__lb60__ge_1.00,relvol,4,2024-07-23,2025-05-23,208,271,0.7454,2280.0,8.41,45.59,-100.43,1.329,7.03,8.41,324.250633
relvol__both__lb60__ge_1.00,relvol,5,2025-05-26,2026-03-20,207,280,0.7107,485.0,1.73,33.19,-75.56,1.0792,5.05,1.73,96.048131
relvol__both__lb60__ge_1.15,relvol,1,2022-01-21,2022-11-21,208,241,0.7718,3520.0,14.61,53.74,-117.73,1.5436,4.66,14.61,754.700917
relvol__both__lb60__ge_1.15,relvol,2,2022-11-22,2023-09-19,208,171,0.6901,60.0,0.35,40.59,-89.25,1.0127,6.23,0.35,9.623256
relvol__both__lb60__ge_1.15,relvol,3,2023-09-20,2024-07-22,208,217,0.6959,300.0,1.38,31.03,-66.44,1.0684,6.67,1.38,45.0
relvol__both__lb60__ge_1.15,relvol,4,2024-07-23,2025-05-23,208,198,0.7323,1360.0,6.87,47.48,-104.25,1.2462,5.83,6.87,233.234646
relvol__both__lb60__ge_1.15,relvol,5,2025-05-26,2026-03-20,207,202,0.6881,-5.0,-0.02,34.71,-76.67,0.999,9.2,-0.02,-0.543367
relvol__both__lb60__ge_1.30,relvol,1,2022-01-21,2022-11-21,208,162,0.7778,2440.0,15.06,54.56,-123.19,1.5502,4.39,15.06,555.379817
relvol__both__lb60__ge_1.30,relvol,2,2022-11-22,2023-09-19,208,108,0.6944,-155.0,-1.44,39.47,-94.39,0.9502,8.58,-1.44,-18.05614
relvol__both__lb60__ge_1.30,relvol,3,2023-09-20,2024-07-22,208,160,0.7375,775.0,4.84,31.57,-70.24,1.2627,3.01,4.84,257.657692
relvol__both__lb60__ge_1.30,relvol,4,2024-07-23,2025-05-23,208,142,0.7324,1105.0,7.78,49.86,-107.37,1.2708,5.54,7.78,199.352869
relvol__both__lb60__ge_1.30,relvol,5,2025-05-26,2026-03-20,207,151,0.6623,-425.0,-2.81,35.95,-78.82,0.8943,10.47,-2.81,-40.608945
combo__trend__both__w15__ge_0.333333__volume__both__w30__ge_50000,combo,1,2022-01-21,2022-11-21,208,350,0.7457,3365.0,9.61,52.11,-115.0,1.3288,7.49,9.61,449.307619
combo__trend__both__w15__ge_0.333333__volume__both__w30__ge_50000,combo,2,2022-11-22,2023-09-19,208,279,0.724,1140.0,4.09,39.83,-89.68,1.1651,8.74,4.09,130.452973
combo__trend__both__w15__ge_0.333333__volume__both__w30__ge_50000,combo,3,2023-09-20,2024-07-22,208,221,0.6742,-345.0,-1.56,29.56,-65.97,0.9274,8.9,-1.56,-38.764045
combo__trend__both__w15__ge_0.333333__volume__both__w30__ge_50000,combo,4,2024-07-23,2025-05-23,208,278,0.7662,3145.0,11.31,44.08,-96.08,1.5036,2.53,11.31,1242.583333
combo__trend__both__w15__ge_0.333333__volume__both__w30__ge_50000,combo,5,2025-05-26,2026-03-20,207,230,0.713,465.0,2.02,33.51,-76.21,1.0924,4.98,2.02,93.375758
combo__trend__both__w15__ge_0.333333__volume__long__w15__ge_50000,combo,1,2022-01-21,2022-11-21,208,316,0.7215,1990.0,6.3,52.87,-114.38,1.1977,9.67,6.3,205.85082
combo__trend__both__w15__ge_0.333333__volume__long__w15__ge_50000,combo,2,2022-11-22,2023-09-19,208,193,0.715,595.0,3.08,40.87,-91.73,1.1179,5.94,3.08,100.134146
combo__trend__both__w15__ge_0.333333__volume__long__w15__ge_50000,combo,3,2023-09-20,2024-07-22,208,165,0.6667,-340.0,-2.06,28.86,-63.91,0.9033,9.95,-2.06,-34.170854
combo__trend__both__w15__ge_0.333333__volume__long__w15__ge_50000,combo,4,2024-07-23,2025-05-23,208,210,0.7619,2420.0,11.52,44.84,-95.1,1.5089,3.59,11.52,673.290411
combo__trend__both__w15__ge_0.333333__volume__long__w15__ge_50000,combo,5,2025-05-26,2026-03-20,207,194,0.7526,1345.0,6.93,32.74,-71.56,1.3916,2.92,6.93,460.560606
combo__trend__both__w15__ge_0.333333__volume__short__w30__ge_30000,combo,1,2022-01-21,2022-11-21,208,369,0.729,2620.0,7.1,51.93,-113.5,1.2308,10.12,7.1,258.809594
combo__trend__both__w15__ge_0.333333__volume__short__w30__ge_30000,combo,2,2022-11-22,2023-09-19,208,308,0.7338,1700.0,5.52,39.58,-88.35,1.2346,6.34,5.52,268.19403
combo__trend__both__w15__ge_0.333333__volume__short__w30__ge_30000,combo,3,2023-09-20,2024-07-22,208,320,0.6906,35.0,0.11,28.28,-62.78,1.0056,9.25,0.11,3.783784
combo__trend__both__w15__ge_0.333333__volume__short__w30__ge_30000,combo,4,2024-07-23,2025-05-23,208,319,0.7712,3875.0,12.15,43.52,-93.56,1.5673,3.0,12.15,1290.184426
combo__trend__both__w15__ge_0.333333__volume__short__w30__ge_30000,combo,5,2025-05-26,2026-03-20,207,336,0.7173,925.0,2.75,32.22,-72.0,1.1352,5.01,2.75,184.63
combo__trend__long__w15__ge_0.333333__volume__both__w30__ge_50000,combo,1,2022-01-21,2022-11-21,208,393,0.7557,4525.0,11.51,52.17,-114.27,1.4125,7.83,11.51,577.807692
combo__trend__long__w15__ge_0.333333__volume__both__w30__ge_50000,combo,2,2022-11-22,2023-09-19,208,331,0.7341,1815.0,5.48,39.65,-88.86,1.2321,4.47,5.48,405.661856
combo__trend__long__w15__ge_0.333333__volume__both__w30__ge_50000,combo,3,2023-09-20,2024-07-22,208,250,0.684,-120.0,-0.48,29.39,-65.13,0.9767,9.11,-0.48,-13.167213
combo__trend__long__w15__ge_0.333333__volume__both__w30__ge_50000,combo,4,2024-07-23,2025-05-23,208,321,0.7539,2985.0,9.3,44.13,-97.41,1.3879,4.78,9.3,624.638889
combo__trend__long__w15__ge_0.333333__volume__both__w30__ge_50000,combo,5,2025-05-26,2026-03-20,207,270,0.7074,440.0,1.63,33.01,-74.24,1.075,5.5,1.63,80.047706
combo__trend__long__w15__ge_0.333333__volume__long__w15__ge_50000,combo,1,2022-01-21,2022-11-21,208,360,0.7389,3335.0,9.26,52.74,-113.78,1.3118,9.72,9.26,343.206343
combo__trend__long__w15__ge_0.333333__volume__long__w15__ge_50000,combo,2,2022-11-22,2023-09-19,208,251,0.7211,1000.0,3.98,40.28,-89.86,1.159,4.46,3.98,224.0625
combo__trend__long__w15__ge_0.333333__volume__long__w15__ge_50000,combo,3,2023-09-20,2024-07-22,208,214,0.6916,135.0,0.63,28.38,-61.59,1.0332,8.27,0.63,16.33012
combo__trend__long__w15__ge_0.333333__volume__long__w15__ge_50000,combo,4,2024-07-23,2025-05-23,208,258,0.7442,2250.0,8.72,44.79,-96.21,1.3543,4.29,8.72,524.758065
combo__trend__long__w15__ge_0.333333__volume__long__w15__ge_50000,combo,5,2025-05-26,2026-03-20,207,259,0.7297,1230.0,4.75,31.75,-68.14,1.2579,4.43,4.75,277.785149
combo__trend__long__w15__ge_0.333333__volume__short__w30__ge_30000,combo,1,2022-01-21,2022-11-21,208,413,0.7433,3965.0,9.6,51.94,-113.02,1.331,10.13,9.6,391.258136
combo__trend__long__w15__ge_0.333333__volume__short__w30__ge_30000,combo,2,2022-11-22,2023-09-19,208,364,0.7363,2150.0,5.91,39.46,-87.76,1.2552,4.5,5.91,478.097938
combo__trend__long__w15__ge_0.333333__volume__short__w30__ge_30000,combo,3,2023-09-20,2024-07-22,208,364,0.7005,490.0,1.35,28.2,-61.47,1.0731,6.62,1.35,73.978947
combo__trend__long__w15__ge_0.333333__volume__short__w30__ge_30000,combo,4,2024-07-23,2025-05-23,208,365,0.7562,3590.0,9.84,43.53,-94.66,1.4261,3.96,9.84,906.968132
combo__trend__long__w15__ge_0.333333__volume__short__w30__ge_30000,combo,5,2025-05-26,2026-03-20,207,395,0.7139,980.0,2.48,31.72,-70.49,1.123,6.41,2.48,152.907801
combo__trend__long__w15__ge_0.400000__volume__long__w15__ge_50000,combo,1,2022-01-21,2022-11-21,208,339,0.7434,3455.0,10.19,52.9,-113.51,1.3499,7.88,10.19,438.543953
combo__trend__long__w15__ge_0.400000__volume__long__w15__ge_50000,combo,2,2022-11-22,2023-09-19,208,244,0.7213,1065.0,4.36,40.43,-88.97,1.176,4.66,4.36,228.661765
combo__trend__long__w15__ge_0.400000__volume__long__w15__ge_50000,combo,3,2023-09-20,2024-07-22,208,213,0.6995,350.0,1.64,28.42,-60.7,1.0901,7.27,1.64,48.136986
combo__trend__long__w15__ge_0.400000__volume__long__w15__ge_50000,combo,4,2024-07-23,2025-05-23,208,254,0.7441,2210.0,8.7,44.79,-96.23,1.3533,3.97,8.7,556.438614
combo__trend__long__w15__ge_0.400000__volume__long__w15__ge_50000,combo,5,2025-05-26,2026-03-20,207,256,0.7266,1105.0,4.32,31.59,-68.14,1.2317,5.19,4.32,212.852966
combo__trend__long__w15__ge_0.400000__volume__short__w30__ge_30000,combo,1,2022-01-21,2022-11-21,208,381,0.7507,4110.0,10.79,52.03,-113.37,1.3816,6.5,10.79,631.9125
combo__trend__long__w15__ge_0.400000__volume__short__w30__ge_30000,combo,2,2022-11-22,2023-09-19,208,335,0.7403,2210.0,6.6,39.72,-87.82,1.2893,3.56,6.6,621.633333
combo__trend__long__w15__ge_0.400000__volume__short__w30__ge_30000,combo,3,2023-09-20,2024-07-22,208,336,0.7024,590.0,1.76,28.33,-60.95,1.0968,5.43,1.76,108.689908
combo__trend__long__w15__ge_0.400000__volume__short__w30__ge_30000,combo,4,2024-07-23,2025-05-23,208,342,0.7427,2880.0,8.42,44.07,-94.49,1.3464,3.87,8.42,743.331646
combo__trend__long__w15__ge_0.400000__volume__short__w30__ge_30000,combo,5,2025-05-26,2026-03-20,207,366,0.6967,230.0,0.63,31.84,-71.08,1.0292,8.72,0.63,26.380874
combo__trend__both__w15__ge_0.333333__relvol__both__lb20__ge_1.00,combo,1,2022-01-21,2022-11-21,208,275,0.7564,3225.0,11.73,52.93,-116.19,1.4143,4.77,11.73,676.262755
combo__trend__both__w15__ge_0.333333__relvol__both__lb20__ge_1.00,combo,2,2022-11-22,2023-09-19,208,220,0.7227,890.0,4.05,40.25,-90.33,1.1615,8.33,4.05,106.851149
combo__trend__both__w15__ge_0.333333__relvol__both__lb20__ge_1.00,combo,3,2023-09-20,2024-07-22,208,239,0.7071,345.0,1.44,29.23,-65.64,1.0751,7.05,1.44,48.93617
combo__trend__both__w15__ge_0.333333__relvol__both__lb20__ge_1.00,combo,4,2024-07-23,2025-05-23,208,227,0.7665,2670.0,11.76,44.74,-96.51,1.522,3.09,11.76,864.147619
combo__trend__both__w15__ge_0.333333__relvol__both__lb20__ge_1.00,combo,5,2025-05-26,2026-03-20,207,247,0.6964,65.0,0.26,32.94,-74.67,1.0116,6.29,0.26,10.341353
combo__trend__both__w15__ge_0.333333__relvol__short__lb40__ge_0.85,combo,1,2022-01-21,2022-11-21,208,357,0.7227,2215.0,6.2,51.94,-112.98,1.198,10.9,6.2,203.212456
combo__trend__both__w15__ge_0.333333__relvol__short__lb40__ge_0.85,combo,2,2022-11-22,2023-09-19,208,287,0.7387,1700.0,5.92,39.5,-89.0,1.2547,6.01,5.92,282.757812
combo__trend__both__w15__ge_0.333333__relvol__short__lb40__ge_0.85,combo,3,2023-09-20,2024-07-22,208,303,0.6964,175.0,0.58,28.6,-63.7,1.0299,6.85,0.58,25.547445
combo__trend__both__w15__ge_0.333333__relvol__short__lb40__ge_0.85,combo,4,2024-07-23,2025-05-23,208,300,0.7767,3885.0,12.95,43.69,-93.96,1.6172,3.0,12.95,1293.513934
combo__trend__both__w15__ge_0.333333__relvol__short__lb40__ge_0.85,combo,5,2025-05-26,2026-03-20,207,313,0.7093,610.0,1.95,32.43,-72.42,1.0926,4.85,1.95,125.671845
combo__trend__both__w15__ge_0.333333__relvol__short__lb60__ge_0.85,combo,1,2022-01-21,2022-11-21,208,360,0.725,2405.0,6.68,52.07,-112.98,1.215,11.24,6.68,213.896747
combo__trend__both__w15__ge_0.333333__relvol__short__lb60__ge_0.85,combo,2,2022-11-22,2023-09-19,208,281,0.7331,1470.0,5.23,39.54,-89.0,1.2202,7.22,5.23,203.590196
combo__trend__both__w15__ge_0.333333__relvol__short__lb60__ge_0.85,combo,3,2023-09-20,2024-07-22,208,300,0.6967,150.0,0.5,28.56,-63.96,1.0258,8.05,0.5,18.63354
combo__trend__both__w15__ge_0.333333__relvol__short__lb60__ge_0.85,combo,4,2024-07-23,2025-05-23,208,300,0.7767,3920.0,13.07,43.84,-93.96,1.6227,3.0,13.07,1305.167213
combo__trend__both__w15__ge_0.333333__relvol__short__lb60__ge_0.85,combo,5,2025-05-26,2026-03-20,207,313,0.7061,535.0,1.71,32.47,-72.17,1.0806,4.89,1.71,109.441262
combo__trend__long__w15__ge_0.333333__relvol__both__lb20__ge_1.00,combo,1,2022-01-21,2022-11-21,208,300,0.76,3640.0,12.13,52.5,-115.69,1.437,5.08,12.13,716.3
combo__trend__long__w15__ge_0.333333__relvol__both__lb20__ge_1.00,combo,2,2022-11-22,2023-09-19,208,242,0.7231,1110.0,4.59,40.6,-89.48,1.1852,6.14,4.59,180.90458
combo__trend__long__w15__ge_0.333333__relvol__both__lb20__ge_1.00,combo,3,2023-09-20,2024-07-22,208,262,0.7137,570.0,2.18,29.09,-64.93,1.117,4.55,2.18,125.274725
combo__trend__long__w15__ge_0.333333__relvol__both__lb20__ge_1.00,combo,4,2024-07-23,2025-05-23,208,254,0.752,2410.0,9.49,45.08,-98.41,1.3887,5.7,9.49,422.777519
combo__trend__long__w15__ge_0.333333__relvol__both__lb20__ge_1.00,combo,5,2025-05-26,2026-03-20,207,270,0.7,130.0,0.48,32.8,-74.94,1.0214,8.24,0.48,15.768927
combo__trend__long__w15__ge_0.333333__relvol__short__lb40__ge_0.85,combo,1,2022-01-21,2022-11-21,208,388,0.7345,3115.0,8.03,51.81,-113.11,1.2674,10.96,8.03,284.230984
combo__trend__long__w15__ge_0.333333__relvol__short__lb40__ge_0.85,combo,2,2022-11-22,2023-09-19,208,320,0.7312,1630.0,5.09,39.57,-88.72,1.2136,6.5,5.09,250.787143
combo__trend__long__w15__ge_0.333333__relvol__short__lb40__ge_0.85,combo,3,2023-09-20,2024-07-22,208,336,0.7113,725.0,2.16,28.66,-63.14,1.1184,5.05,2.16,143.564356
combo__trend__long__w15__ge_0.333333__relvol__short__lb40__ge_0.85,combo,4,2024-07-23,2025-05-23,208,338,0.7663,3810.0,11.27,43.96,-95.89,1.503,4.41,11.27,863.176667
combo__trend__long__w15__ge_0.333333__relvol__short__lb40__ge_0.85,combo,5,2025-05-26,2026-03-20,207,350,0.7114,725.0,2.07,32.21,-72.23,1.0994,6.4,2.07,113.21558
combo__trend__long__w15__ge_0.333333__relvol__short__lb60__ge_0.85,combo,1,2022-01-21,2022-11-21,208,395,0.7367,3385.0,8.57,52.06,-113.12,1.2877,11.27,8.57,300.36519
combo__trend__long__w15__ge_0.333333__relvol__short__lb60__ge_0.85,combo,2,2022-11-22,2023-09-19,208,315,0.7238,1405.0,4.46,39.74,-87.99,1.1835,5.67,4.46,247.907025
combo__trend__long__w15__ge_0.333333__relvol__short__lb60__ge_0.85,combo,3,2023-09-20,2024-07-22,208,332,0.7139,750.0,2.26,28.63,-63.53,1.1243,5.35,2.26,140.186916
combo__trend__long__w15__ge_0.333333__relvol__short__lb60__ge_0.85,combo,4,2024-07-23,2025-05-23,208,340,0.7676,3905.0,11.49,43.98,-95.89,1.5155,3.91,11.49,998.135165
combo__trend__long__w15__ge_0.333333__relvol__short__lb60__ge_0.85,combo,5,2025-05-26,2026-03-20,207,343,0.7085,635.0,1.85,32.28,-72.1,1.0881,6.46,1.85,98.332971
combo__trend__long__w15__ge_0.400000__relvol__both__lb20__ge_1.00,combo,1,2022-01-21,2022-11-21,208,282,0.7553,3155.0,11.19,52.46,-116.23,1.3934,5.5,11.19,573.365354
combo__trend__long__w15__ge_0.400000__relvol__both__lb20__ge_1.00,combo,2,2022-11-22,2023-09-19,208,226,0.7212,1020.0,4.51,40.92,-89.68,1.1805,5.15,4.51,197.972727
combo__trend__long__w15__ge_0.400000__relvol__both__lb20__ge_1.00,combo,3,2023-09-20,2024-07-22,208,248,0.7056,445.0,1.79,29.29,-64.11,1.0951,3.89,1.79,114.273718
combo__trend__long__w15__ge_0.400000__relvol__both__lb20__ge_1.00,combo,4,2024-07-23,2025-05-23,208,240,0.7417,1995.0,8.31,45.51,-98.47,1.3268,4.65,8.31,429.010256
combo__trend__long__w15__ge_0.400000__relvol__both__lb20__ge_1.00,combo,5,2025-05-26,2026-03-20,207,252,0.6786,-480.0,-1.9,32.72,-75.0,0.921,10.6,-1.9,-45.272727
combo__trend__long__w15__ge_0.400000__relvol__short__lb40__ge_0.85,combo,1,2022-01-21,2022-11-21,208,356,0.7416,3260.0,9.16,51.89,-113.48,1.3123,7.18,9.16,453.879381
combo__trend__long__w15__ge_0.400000__relvol__short__lb40__ge_0.85,combo,2,2022-11-22,2023-09-19,208,291,0.7354,1690.0,5.81,39.88,-88.9,1.2469,5.52,5.81,306.015702
combo__trend__long__w15__ge_0.400000__relvol__short__lb40__ge_0.85,combo,3,2023-09-20,2024-07-22,208,308,0.7143,825.0,2.68,28.84,-62.73,1.1495,4.6,2.68,179.347826
combo__trend__long__w15__ge_0.400000__relvol__short__lb40__ge_0.85,combo,4,2024-07-23,2025-05-23,208,315,0.7524,3100.0,9.84,44.58,-95.71,1.4153,4.81,9.84,644.989796
combo__trend__long__w15__ge_0.400000__relvol__short__lb40__ge_0.85,combo,5,2025-05-26,2026-03-20,207,321,0.6916,-25.0,-0.08,32.41,-72.93,0.9965,8.76,-0.08,-2.852778
combo__trend__long__w15__ge_0.400000__relvol__short__lb60__ge_0.85,combo,1,2022-01-21,2022-11-21,208,363,0.7438,3530.0,9.72,52.17,-113.49,1.3344,7.53,9.72,468.715122
combo__trend__long__w15__ge_0.400000__relvol__short__lb60__ge_0.85,combo,2,2022-11-22,2023-09-19,208,286,0.7273,1465.0,5.12,40.07,-88.08,1.2132,4.7,5.12,311.958824
combo__trend__long__w15__ge_0.400000__relvol__short__lb60__ge_0.85,combo,3,2023-09-20,2024-07-22,208,304,0.7171,850.0,2.8,28.81,-63.14,1.1565,4.9,2.8,173.469388
combo__trend__long__w15__ge_0.400000__relvol__short__lb60__ge_0.85,combo,4,2024-07-23,2025-05-23,208,317,0.7539,3195.0,10.08,44.6,-95.71,1.428,3.87,10.08,824.633544
combo__trend__long__w15__ge_0.400000__relvol__short__lb60__ge_0.85,combo,5,2025-05-26,2026-03-20,207,314,0.6879,-115.0,-0.37,32.5,-72.81,0.9839,8.84,-0.37,-13.007778
combo__volume__both__w30__ge_50000__relvol__both__lb20__ge_1.00,combo,1,2022-01-21,2022-11-21,208,283,0.7597,3270.0,11.55,52.72,-118.6,1.4055,8.13,11.55,402.238938
combo__volume__both__w30__ge_50000__relvol__both__lb20__ge_1.00,combo,2,2022-11-22,2023-09-19,208,225,0.6933,-165.0,-0.73,40.22,-93.33,0.9744,9.74,-0.73,-16.935533
combo__volume__both__w30__ge_50000__relvol__both__lb20__ge_1.00,combo,3,2023-09-20,2024-07-22,208,212,0.7028,380.0,1.79,30.81,-66.83,1.0903,5.46,1.79,69.632432
combo__volume__both__w30__ge_50000__relvol__both__lb20__ge_1.00,combo,4,2024-07-23,2025-05-23,208,216,0.7083,715.0,3.31,47.03,-102.86,1.1103,8.79,3.31,81.364706
combo__volume__both__w30__ge_50000__relvol__both__lb20__ge_1.00,combo,5,2025-05-26,2026-03-20,207,221,0.724,710.0,3.21,33.94,-77.38,1.1504,4.9,3.21,144.786916
combo__volume__both__w30__ge_50000__relvol__short__lb40__ge_0.85,combo,1,2022-01-21,2022-11-21,208,410,0.7488,4225.0,10.3,51.66,-112.96,1.3631,9.78,10.3,431.969828
combo__volume__both__w30__ge_50000__relvol__short__lb40__ge_0.85,combo,2,2022-11-22,2023-09-19,208,332,0.7078,630.0,1.9,39.55,-89.33,1.0727,7.31,1.9,86.210526
combo__volume__both__w30__ge_50000__relvol__short__lb40__ge_0.85,combo,3,2023-09-20,2024-07-22,208,278,0.7014,440.0,1.58,29.95,-65.06,1.0815,7.87,1.58,55.935
combo__volume__both__w30__ge_50000__relvol__short__lb40__ge_0.85,combo,4,2024-07-23,2025-05-23,208,324,0.7346,2060.0,6.36,44.29,-98.6,1.2429,8.4,6.36,245.296739
combo__volume__both__w30__ge_50000__relvol__short__lb40__ge_0.85,combo,5,2025-05-26,2026-03-20,207,282,0.7163,695.0,2.46,33.09,-74.88,1.116,5.75,2.46,120.893421
combo__volume__both__w30__ge_50000__relvol__short__lb60__ge_0.85,combo,1,2022-01-21,2022-11-21,208,414,0.7488,4190.0,10.12,51.58,-113.46,1.3551,9.69,10.12,432.292414
combo__volume__both__w30__ge_50000__relvol__short__lb60__ge_0.85,combo,2,2022-11-22,2023-09-19,208,322,0.7081,595.0,1.85,39.39,-89.2,1.071,7.76,1.85,76.721739
combo__volume__both__w30__ge_50000__relvol__short__lb60__ge_0.85,combo,3,2023-09-20,2024-07-22,208,274,0.7044,505.0,1.84,29.97,-65.19,1.0956,7.15,1.84,70.595517
combo__volume__both__w30__ge_50000__relvol__short__lb60__ge_0.85,combo,4,2024-07-23,2025-05-23,208,329,0.7356,2100.0,6.38,44.28,-99.02,1.2438,8.38,6.38,250.744565
combo__volume__both__w30__ge_50000__relvol__short__lb60__ge_0.85,combo,5,2025-05-26,2026-03-20,207,275,0.72,790.0,2.87,33.26,-75.26,1.1363,5.19,2.87,152.094175
combo__volume__long__w15__ge_50000__relvol__both__lb20__ge_1.00,combo,1,2022-01-21,2022-11-21,208,289,0.7716,3995.0,13.82,52.4,-116.52,1.5195,4.58,13.82,871.777132
combo__volume__long__w15__ge_50000__relvol__both__lb20__ge_1.00,combo,2,2022-11-22,2023-09-19,208,184,0.7065,425.0,2.31,41.42,-91.85,1.0857,8.12,2.31,52.351156
combo__volume__long__w15__ge_50000__relvol__both__lb20__ge_1.00,combo,3,2023-09-20,2024-07-22,208,153,0.7124,390.0,2.55,30.55,-66.82,1.1327,6.15,2.55,63.414634
combo__volume__long__w15__ge_50000__relvol__both__lb20__ge_1.00,combo,4,2024-07-23,2025-05-23,208,191,0.7277,1135.0,5.94,46.15,-101.54,1.215,5.53,5.94,205.261864
combo__volume__long__w15__ge_50000__relvol__both__lb20__ge_1.00,combo,5,2025-05-26,2026-03-20,207,170,0.7412,905.0,5.32,33.61,-75.68,1.2718,5.34,5.32,169.46125
combo__volume__long__w15__ge_50000__relvol__short__lb40__ge_0.85,combo,1,2022-01-21,2022-11-21,208,355,0.7352,2885.0,8.13,52.26,-114.41,1.2682,11.76,8.13,245.403086
combo__volume__long__w15__ge_50000__relvol__short__lb40__ge_0.85,combo,2,2022-11-22,2023-09-19,208,214,0.7056,420.0,1.96,41.09,-91.83,1.0726,7.74,1.96,54.294545
combo__volume__long__w15__ge_50000__relvol__short__lb40__ge_0.85,combo,3,2023-09-20,2024-07-22,208,183,0.7213,625.0,3.42,30.23,-65.98,1.1857,6.05,3.42,103.305785
combo__volume__long__w15__ge_50000__relvol__short__lb40__ge_0.85,combo,4,2024-07-23,2025-05-23,208,231,0.7359,1730.0,7.49,45.62,-98.77,1.2871,5.21,7.49,332.284685
combo__volume__long__w15__ge_50000__relvol__short__lb40__ge_0.85,combo,5,2025-05-26,2026-03-20,207,201,0.7562,1400.0,6.97,33.03,-73.88,1.3867,4.04,6.97,346.387097
combo__volume__long__w15__ge_50000__relvol__short__lb60__ge_0.85,combo,1,2022-01-21,2022-11-21,208,362,0.7376,3155.0,8.72,52.53,-114.42,1.2902,12.06,8.72,261.535373
combo__volume__long__w15__ge_50000__relvol__short__lb60__ge_0.85,combo,2,2022-11-22,2023-09-19,208,209,0.6938,195.0,0.93,41.41,-90.78,1.0336,6.91,0.93,28.234932
combo__volume__long__w15__ge_50000__relvol__short__lb60__ge_0.85,combo,3,2023-09-20,2024-07-22,208,179,0.7263,650.0,3.63,30.19,-66.84,1.1985,6.75,3.63,96.296296
combo__volume__long__w15__ge_50000__relvol__short__lb60__ge_0.85,combo,4,2024-07-23,2025-05-23,208,233,0.7382,1825.0,7.83,45.64,-98.77,1.3029,5.14,7.83,354.806306
combo__volume__long__w15__ge_50000__relvol__short__lb60__ge_0.85,combo,5,2025-05-26,2026-03-20,207,194,0.7526,1310.0,6.75,33.18,-73.65,1.3706,4.07,6.75,321.583871
combo__volume__short__w30__ge_30000__relvol__both__lb20__ge_1.00,combo,1,2022-01-21,2022-11-21,208,291,0.7595,3325.0,11.43,52.65,-118.71,1.4001,8.98,11.43,370.104167
combo__volume__short__w30__ge_30000__relvol__both__lb20__ge_1.00,combo,2,2022-11-22,2023-09-19,208,241,0.6888,-200.0,-0.83,39.88,-90.93,0.9707,8.7,-0.83,-22.977273
combo__volume__short__w30__ge_30000__relvol__both__lb20__ge_1.00,combo,3,2023-09-20,2024-07-22,208,262,0.7061,560.0,2.14,30.3,-65.52,1.111,4.41,2.14,127.101124
combo__volume__short__w30__ge_30000__relvol__both__lb20__ge_1.00,combo,4,2024-07-23,2025-05-23,208,231,0.7056,725.0,3.14,46.44,-100.66,1.1059,8.82,3.14,82.218919
combo__volume__short__w30__ge_30000__relvol__both__lb20__ge_1.00,combo,5,2025-05-26,2026-03-20,207,275,0.72,725.0,2.64,33.01,-75.45,1.1248,5.09,2.64,142.452703
combo__volume__short__w30__ge_30000__relvol__short__lb40__ge_0.85,combo,1,2022-01-21,2022-11-21,208,426,0.7371,3625.0,8.51,51.51,-112.05,1.2888,12.19,8.51,297.435897
combo__volume__short__w30__ge_30000__relvol__short__lb40__ge_0.85,combo,2,2022-11-22,2023-09-19,208,364,0.7115,905.0,2.49,39.19,-88.05,1.0979,6.24,2.49,144.941406
combo__volume__short__w30__ge_30000__relvol__short__lb40__ge_0.85,combo,3,2023-09-20,2024-07-22,208,390,0.7103,890.0,2.28,28.63,-62.3,1.1264,6.07,2.28,146.634677
combo__volume__short__w30__ge_30000__relvol__short__lb40__ge_0.85,combo,4,2024-07-23,2025-05-23,208,363,0.7438,2800.0,7.71,43.67,-96.67,1.3115,7.24,7.71,386.814815
combo__volume__short__w30__ge_30000__relvol__short__lb40__ge_0.85,combo,5,2025-05-26,2026-03-20,207,398,0.7186,1175.0,2.95,32.06,-71.38,1.147,5.09,2.95,230.908482
combo__volume__short__w30__ge_30000__relvol__short__lb60__ge_0.85,combo,1,2022-01-21,2022-11-21,208,430,0.7372,3605.0,8.38,51.44,-112.39,1.2839,12.06,8.38,298.876068
combo__volume__short__w30__ge_30000__relvol__short__lb60__ge_0.85,combo,2,2022-11-22,2023-09-19,208,354,0.709,775.0,2.19,39.06,-87.67,1.0858,7.19,2.19,107.819257
combo__volume__short__w30__ge_30000__relvol__short__lb60__ge_0.85,combo,3,2023-09-20,2024-07-22,208,385,0.7091,855.0,2.22,28.68,-62.28,1.1226,5.65,2.22,151.372174
combo__volume__short__w30__ge_30000__relvol__short__lb60__ge_0.85,combo,4,2024-07-23,2025-05-23,208,369,0.7425,2750.0,7.45,43.67,-97.0,1.2984,7.28,7.45,377.87037
combo__volume__short__w30__ge_30000__relvol__short__lb60__ge_0.85,combo,5,2025-05-26,2026-03-20,207,391,0.7161,1080.0,2.76,32.16,-71.4,1.1363,6.46,2.76,167.135664
combo__trend__both__w15__ge_0.333333__volume__both__w30__ge_50000__relvol__both__lb20__ge_1.00,combo,1,2022-01-21,2022-11-21,208,244,0.75,2425.0,9.94,53.17,-119.75,1.332,7.28,9.94,333.275401
combo__trend__both__w15__ge_0.333333__volume__both__w30__ge_50000__relvol__both__lb20__ge_1.00,combo,2,2022-11-22,2023-09-19,208,175,0.7029,65.0,0.37,41.22,-96.25,1.013,8.14,0.37,7.985152
combo__trend__both__w15__ge_0.333333__volume__both__w30__ge_50000__relvol__both__lb20__ge_1.00,combo,3,2023-09-20,2024-07-22,208,165,0.697,35.0,0.21,30.35,-69.1,1.0101,4.8,0.21,7.291667
combo__trend__both__w15__ge_0.333333__volume__both__w30__ge_50000__relvol__both__lb20__ge_1.00,combo,4,2024-07-23,2025-05-23,208,174,0.7471,1650.0,9.48,47.0,-101.36,1.37,3.02,9.48,545.485075
combo__trend__both__w15__ge_0.333333__volume__both__w30__ge_50000__relvol__both__lb20__ge_1.00,combo,5,2025-05-26,2026-03-20,207,179,0.7151,405.0,2.26,34.49,-78.63,1.101,3.99,2.26,101.503125
combo__trend__both__w15__ge_0.333333__volume__both__w30__ge_50000__relvol__short__lb40__ge_0.85,combo,1,2022-01-21,2022-11-21,208,334,0.7425,3200.0,9.58,52.4,-113.9,1.3267,8.51,9.58,375.82684
combo__trend__both__w15__ge_0.333333__volume__both__w30__ge_50000__relvol__short__lb40__ge_0.85,combo,2,2022-11-22,2023-09-19,208,254,0.7205,855.0,3.37,39.7,-90.28,1.1334,8.71,3.37,98.137088
combo__trend__both__w15__ge_0.333333__volume__both__w30__ge_50000__relvol__short__lb40__ge_0.85,combo,3,2023-09-20,2024-07-22,208,215,0.6744,-355.0,-1.65,29.66,-66.5,0.9237,9.0,-1.65,-39.444444
combo__trend__both__w15__ge_0.333333__volume__both__w30__ge_50000__relvol__short__lb40__ge_0.85,combo,4,2024-07-23,2025-05-23,208,256,0.7656,2875.0,11.23,44.49,-97.42,1.4919,2.53,11.23,1135.906863
combo__trend__both__w15__ge_0.333333__volume__both__w30__ge_50000__relvol__short__lb40__ge_0.85,combo,5,2025-05-26,2026-03-20,207,214,0.7056,250.0,1.17,33.77,-76.98,1.0515,5.58,1.17,44.774775
combo__trend__both__w15__ge_0.333333__volume__both__w30__ge_50000__relvol__short__lb60__ge_0.85,combo,1,2022-01-21,2022-11-21,208,337,0.7448,3265.0,9.69,52.27,-114.59,1.3313,8.37,9.69,390.103896
combo__trend__both__w15__ge_0.333333__volume__both__w30__ge_50000__relvol__short__lb60__ge_0.85,combo,2,2022-11-22,2023-09-19,208,244,0.7254,900.0,3.69,39.44,-90.75,1.148,8.95,3.69,100.596774
combo__trend__both__w15__ge_0.333333__volume__both__w30__ge_50000__relvol__short__lb60__ge_0.85,combo,3,2023-09-20,2024-07-22,208,210,0.6762,-315.0,-1.5,29.72,-66.69,0.9305,8.75,-1.5,-36.0
combo__trend__both__w15__ge_0.333333__volume__both__w30__ge_50000__relvol__short__lb60__ge_0.85,combo,4,2024-07-23,2025-05-23,208,259,0.7722,3130.0,12.08,44.55,-97.97,1.5415,2.53,12.08,1236.656863
combo__trend__both__w15__ge_0.333333__volume__both__w30__ge_50000__relvol__short__lb60__ge_0.85,combo,5,2025-05-26,2026-03-20,207,213,0.7042,225.0,1.06,33.83,-76.98,1.0464,5.84,1.06,38.560345
combo__trend__both__w15__ge_0.333333__volume__long__w15__ge_50000__relvol__both__lb20__ge_1.00,combo,1,2022-01-21,2022-11-21,208,248,0.7661,3355.0,13.53,53.21,-116.47,1.4967,5.31,13.53,631.858333
combo__trend__both__w15__ge_0.333333__volume__long__w15__ge_50000__relvol__both__lb20__ge_1.00,combo,2,2022-11-22,2023-09-19,208,151,0.7152,400.0,2.65,41.02,-93.72,1.0993,7.48,2.65,53.496774
combo__trend__both__w15__ge_0.333333__volume__long__w15__ge_50000__relvol__both__lb20__ge_1.00,combo,3,2023-09-20,2024-07-22,208,121,0.686,-105.0,-0.87,30.24,-68.82,0.9598,8.5,-0.87,-12.352941
combo__trend__both__w15__ge_0.333333__volume__long__w15__ge_50000__relvol__both__lb20__ge_1.00,combo,4,2024-07-23,2025-05-23,208,158,0.7658,1880.0,11.9,45.87,-99.19,1.5123,3.84,11.9,488.997895
combo__trend__both__w15__ge_0.333333__volume__long__w15__ge_50000__relvol__both__lb20__ge_1.00,combo,5,2025-05-26,2026-03-20,207,144,0.7361,730.0,5.07,33.87,-75.26,1.2552,3.28,5.07,222.447222
combo__trend__both__w15__ge_0.333333__volume__long__w15__ge_50000__relvol__short__lb40__ge_0.85,combo,1,2022-01-21,2022-11-21,208,302,0.7185,1795.0,5.94,52.9,-113.94,1.1853,10.3,5.94,174.341142
combo__trend__both__w15__ge_0.333333__volume__long__w15__ge_50000__relvol__short__lb40__ge_0.85,combo,2,2022-11-22,2023-09-19,208,169,0.7219,635.0,3.76,41.15,-93.3,1.1448,5.61,3.76,113.21453
combo__trend__both__w15__ge_0.333333__volume__long__w15__ge_50000__relvol__short__lb40__ge_0.85,combo,3,2023-09-20,2024-07-22,208,141,0.6809,-195.0,-1.38,29.74,-67.78,0.9361,8.1,-1.38,-24.074074
combo__trend__both__w15__ge_0.333333__volume__long__w15__ge_50000__relvol__short__lb40__ge_0.85,combo,4,2024-07-23,2025-05-23,208,187,0.7647,2290.0,12.25,45.52,-95.91,1.5427,3.98,12.25,574.745098
combo__trend__both__w15__ge_0.333333__volume__long__w15__ge_50000__relvol__short__lb40__ge_0.85,combo,5,2025-05-26,2026-03-20,207,161,0.7578,1175.0,7.3,33.52,-74.74,1.4031,2.52,7.3,466.642857
combo__trend__both__w15__ge_0.333333__volume__long__w15__ge_50000__relvol__short__lb60__ge_0.85,combo,1,2022-01-21,2022-11-21,208,305,0.7213,1985.0,6.51,53.05,-113.94,1.205,10.66,6.51,186.215472
combo__trend__both__w15__ge_0.333333__volume__long__w15__ge_50000__relvol__short__lb60__ge_0.85,combo,2,2022-11-22,2023-09-19,208,163,0.7117,405.0,2.48,41.29,-93.3,1.0924,6.43,2.48,62.942481
combo__trend__both__w15__ge_0.333333__volume__long__w15__ge_50000__relvol__short__lb60__ge_0.85,combo,3,2023-09-20,2024-07-22,208,138,0.6812,-220.0,-1.59,29.68,-68.41,0.9269,9.3,-1.59,-23.655914
combo__trend__both__w15__ge_0.333333__volume__long__w15__ge_50000__relvol__short__lb60__ge_0.85,combo,4,2024-07-23,2025-05-23,208,187,0.7647,2325.0,12.43,45.77,-95.91,1.5509,3.97,12.43,585.125
combo__trend__both__w15__ge_0.333333__volume__long__w15__ge_50000__relvol__short__lb60__ge_0.85,combo,5,2025-05-26,2026-03-20,207,161,0.7516,1100.0,6.83,33.6,-74.12,1.371,2.97,6.83,369.833333
combo__trend__both__w15__ge_0.333333__volume__short__w30__ge_30000__relvol__both__lb20__ge_1.00,combo,1,2022-01-21,2022-11-21,208,251,0.749,2440.0,9.72,53.11,-119.76,1.3234,8.28,9.72,294.861972
combo__trend__both__w15__ge_0.333333__volume__short__w30__ge_30000__relvol__both__lb20__ge_1.00,combo,2,2022-11-22,2023-09-19,208,189,0.7037,185.0,0.98,40.83,-93.66,1.0353,8.14,0.98,22.72697
combo__trend__both__w15__ge_0.333333__volume__short__w30__ge_30000__relvol__both__lb20__ge_1.00,combo,3,2023-09-20,2024-07-22,208,204,0.6961,130.0,0.64,30.11,-66.85,1.0314,5.65,0.64,23.00885
combo__trend__both__w15__ge_0.333333__volume__short__w30__ge_30000__relvol__both__lb20__ge_1.00,combo,4,2024-07-23,2025-05-23,208,186,0.7473,1780.0,9.57,46.4,-99.36,1.3812,2.92,9.57,608.76
combo__trend__both__w15__ge_0.333333__volume__short__w30__ge_30000__relvol__both__lb20__ge_1.00,combo,5,2025-05-26,2026-03-20,207,214,0.715,450.0,2.1,33.5,-76.64,1.0963,4.39,2.1,102.528409
combo__trend__both__w15__ge_0.333333__volume__short__w30__ge_30000__relvol__short__lb40__ge_0.85,combo,1,2022-01-21,2022-11-21,208,349,0.7249,2410.0,6.91,52.31,-112.76,1.2226,11.33,6.91,212.690753
combo__trend__both__w15__ge_0.333333__volume__short__w30__ge_30000__relvol__short__lb40__ge_0.85,combo,2,2022-11-22,2023-09-19,208,277,0.722,1060.0,3.83,39.48,-88.77,1.1551,7.71,3.83,137.535
combo__trend__both__w15__ge_0.333333__volume__short__w30__ge_30000__relvol__short__lb40__ge_0.85,combo,3,2023-09-20,2024-07-22,208,299,0.6923,50.0,0.17,28.57,-63.75,1.0085,8.4,0.17,5.952381
combo__trend__both__w15__ge_0.333333__volume__short__w30__ge_30000__relvol__short__lb40__ge_0.85,combo,4,2024-07-23,2025-05-23,208,292,0.774,3625.0,12.41,43.81,-95.08,1.5777,2.51,12.41,1443.602941
combo__trend__both__w15__ge_0.333333__volume__short__w30__ge_30000__relvol__short__lb40__ge_0.85,combo,5,2025-05-26,2026-03-20,207,297,0.7037,410.0,1.38,32.8,-73.24,1.0636,5.01,1.38,81.836
combo__trend__both__w15__ge_0.333333__volume__short__w30__ge_30000__relvol__short__lb60__ge_0.85,combo,1,2022-01-21,2022-11-21,208,352,0.7273,2490.0,7.07,52.19,-113.23,1.2291,11.12,7.07,224.014726
combo__trend__both__w15__ge_0.333333__volume__short__w30__ge_30000__relvol__short__lb60__ge_0.85,combo,2,2022-11-22,2023-09-19,208,267,0.7266,1105.0,4.14,39.23,-89.11,1.1699,7.94,4.14,139.203049
combo__trend__both__w15__ge_0.333333__volume__short__w30__ge_30000__relvol__short__lb60__ge_0.85,combo,3,2023-09-20,2024-07-22,208,292,0.6952,125.0,0.43,28.67,-63.99,1.0219,8.3,0.43,15.060241
combo__trend__both__w15__ge_0.333333__volume__short__w30__ge_30000__relvol__short__lb60__ge_0.85,combo,4,2024-07-23,2025-05-23,208,296,0.777,3790.0,12.8,43.87,-95.45,1.6016,3.0,12.8,1261.883607
combo__trend__both__w15__ge_0.333333__volume__short__w30__ge_30000__relvol__short__lb60__ge_0.85,combo,5,2025-05-26,2026-03-20,207,296,0.6959,195.0,0.66,32.84,-73.0,1.0297,5.38,0.66,36.27
combo__trend__long__w15__ge_0.333333__volume__both__w30__ge_50000__relvol__both__lb20__ge_1.00,combo,1,2022-01-21,2022-11-21,208,264,0.7576,2950.0,11.17,53.1,-119.84,1.3846,7.02,11.17,420.218085
combo__trend__long__w15__ge_0.333333__volume__both__w30__ge_50000__relvol__both__lb20__ge_1.00,combo,2,2022-11-22,2023-09-19,208,196,0.7092,290.0,1.48,40.94,-94.74,1.0537,6.43,1.48,45.103788
combo__trend__long__w15__ge_0.333333__volume__both__w30__ge_50000__relvol__both__lb20__ge_1.00,combo,3,2023-09-20,2024-07-22,208,183,0.6995,170.0,0.93,30.31,-67.45,1.0458,4.53,0.93,37.51087
combo__trend__long__w15__ge_0.333333__volume__both__w30__ge_50000__relvol__both__lb20__ge_1.00,combo,4,2024-07-23,2025-05-23,208,201,0.7413,1645.0,8.18,47.21,-103.65,1.3052,5.74,8.18,286.7
combo__trend__long__w15__ge_0.333333__volume__both__w30__ge_50000__relvol__both__lb20__ge_1.00,combo,5,2025-05-26,2026-03-20,207,203,0.7241,700.0,3.45,34.25,-77.41,1.1615,5.13,3.45,136.530973
combo__trend__long__w15__ge_0.333333__volume__both__w30__ge_50000__relvol__short__lb40__ge_0.85,combo,1,2022-01-21,2022-11-21,208,373,0.7507,4055.0,10.87,52.27,-113.76,1.3833,8.81,10.87,460.520784
combo__trend__long__w15__ge_0.333333__volume__both__w30__ge_50000__relvol__short__lb40__ge_0.85,combo,2,2022-11-22,2023-09-19,208,287,0.7178,940.0,3.28,39.68,-89.32,1.1299,6.24,3.28,150.613636
combo__trend__long__w15__ge_0.333333__volume__both__w30__ge_50000__relvol__short__lb40__ge_0.85,combo,3,2023-09-20,2024-07-22,208,240,0.6875,-40.0,-0.17,29.61,-65.67,0.9919,7.7,-0.17,-5.194805
combo__trend__long__w15__ge_0.333333__volume__both__w30__ge_50000__relvol__short__lb40__ge_0.85,combo,4,2024-07-23,2025-05-23,208,293,0.7611,3020.0,10.31,44.69,-99.21,1.4348,3.98,10.31,758.691111
combo__trend__long__w15__ge_0.333333__volume__both__w30__ge_50000__relvol__short__lb40__ge_0.85,combo,5,2025-05-26,2026-03-20,207,252,0.7103,445.0,1.77,33.24,-75.41,1.0808,5.05,1.77,88.093519
combo__trend__long__w15__ge_0.333333__volume__both__w30__ge_50000__relvol__short__lb60__ge_0.85,combo,1,2022-01-21,2022-11-21,208,377,0.7507,4020.0,10.66,52.17,-114.31,1.3741,8.72,10.66,460.802353
combo__trend__long__w15__ge_0.333333__volume__both__w30__ge_50000__relvol__short__lb60__ge_0.85,combo,2,2022-11-22,2023-09-19,208,277,0.7184,905.0,3.27,39.5,-89.17,1.1301,6.32,3.27,143.234962
combo__trend__long__w15__ge_0.333333__volume__both__w30__ge_50000__relvol__short__lb60__ge_0.85,combo,3,2023-09-20,2024-07-22,208,236,0.6907,25.0,0.11,29.63,-65.82,1.0052,7.3,0.11,3.424658
combo__trend__long__w15__ge_0.333333__volume__both__w30__ge_50000__relvol__short__lb60__ge_0.85,combo,4,2024-07-23,2025-05-23,208,298,0.7617,3060.0,10.27,44.67,-99.72,1.4322,3.97,10.27,770.78
combo__trend__long__w15__ge_0.333333__volume__both__w30__ge_50000__relvol__short__lb60__ge_0.85,combo,5,2025-05-26,2026-03-20,207,245,0.7143,540.0,2.2,33.43,-75.86,1.1017,5.01,2.2,107.85
combo__trend__long__w15__ge_0.333333__volume__long__w15__ge_50000__relvol__both__lb20__ge_1.00,combo,1,2022-01-21,2022-11-21,208,273,0.7692,3770.0,13.81,52.71,-115.87,1.5164,3.72,13.81,1013.834314
combo__trend__long__w15__ge_0.333333__volume__long__w15__ge_50000__relvol__both__lb20__ge_1.00,combo,2,2022-11-22,2023-09-19,208,173,0.7168,620.0,3.58,41.41,-92.14,1.1373,5.99,3.58,103.447244
combo__trend__long__w15__ge_0.333333__volume__long__w15__ge_50000__relvol__both__lb20__ge_1.00,combo,3,2023-09-20,2024-07-22,208,144,0.7014,120.0,0.83,29.8,-67.21,1.0415,6.0,0.83,20.0
combo__trend__long__w15__ge_0.333333__volume__long__w15__ge_50000__relvol__both__lb20__ge_1.00,combo,4,2024-07-23,2025-05-23,208,185,0.7459,1620.0,8.76,46.2,-101.17,1.3407,4.68,8.76,346.452632
combo__trend__long__w15__ge_0.333333__volume__long__w15__ge_50000__relvol__both__lb20__ge_1.00,combo,5,2025-05-26,2026-03-20,207,167,0.7365,795.0,4.76,33.54,-75.68,1.2387,5.77,4.76,137.676744
combo__trend__long__w15__ge_0.333333__volume__long__w15__ge_50000__relvol__short__lb40__ge_0.85,combo,1,2022-01-21,2022-11-21,208,333,0.7327,2695.0,8.09,52.64,-114.04,1.2655,10.4,8.09,259.030216
combo__trend__long__w15__ge_0.333333__volume__long__w15__ge_50000__relvol__short__lb40__ge_0.85,combo,2,2022-11-22,2023-09-19,208,202,0.7129,565.0,2.8,41.01,-92.07,1.1058,5.68,2.8,99.392917
combo__trend__long__w15__ge_0.333333__volume__long__w15__ge_50000__relvol__short__lb40__ge_0.85,combo,3,2023-09-20,2024-07-22,208,174,0.7126,355.0,2.04,29.6,-66.3,1.1071,5.9,2.04,60.169492
combo__trend__long__w15__ge_0.333333__volume__long__w15__ge_50000__relvol__short__lb40__ge_0.85,combo,4,2024-07-23,2025-05-23,208,225,0.7511,2215.0,9.84,45.65,-98.21,1.4027,4.29,9.84,516.833333
combo__trend__long__w15__ge_0.333333__volume__long__w15__ge_50000__relvol__short__lb40__ge_0.85,combo,5,2025-05-26,2026-03-20,207,198,0.7525,1290.0,6.52,32.95,-73.88,1.3564,4.08,6.52,316.119355
combo__trend__long__w15__ge_0.333333__volume__long__w15__ge_50000__relvol__short__lb60__ge_0.85,combo,1,2022-01-21,2022-11-21,208,340,0.7353,2965.0,8.72,52.92,-114.06,1.2888,10.73,8.72,276.288754
combo__trend__long__w15__ge_0.333333__volume__long__w15__ge_50000__relvol__short__lb60__ge_0.85,combo,2,2022-11-22,2023-09-19,208,197,0.7005,340.0,1.73,41.34,-90.93,1.0634,4.83,1.73,70.423762
combo__trend__long__w15__ge_0.333333__volume__long__w15__ge_50000__relvol__short__lb60__ge_0.85,combo,3,2023-09-20,2024-07-22,208,170,0.7176,380.0,2.24,29.55,-67.19,1.1178,6.6,2.24,57.575758
combo__trend__long__w15__ge_0.333333__volume__long__w15__ge_50000__relvol__short__lb60__ge_0.85,combo,4,2024-07-23,2025-05-23,208,227,0.7533,2310.0,10.18,45.67,-98.21,1.42,4.23,10.18,545.458065
combo__trend__long__w15__ge_0.333333__volume__long__w15__ge_50000__relvol__short__lb60__ge_0.85,combo,5,2025-05-26,2026-03-20,207,191,0.7487,1200.0,6.28,33.11,-73.65,1.3395,4.45,6.28,269.584158
combo__trend__long__w15__ge_0.333333__volume__short__w30__ge_30000__relvol__both__lb20__ge_1.00,combo,1,2022-01-21,2022-11-21,208,271,0.7565,2950.0,10.89,52.98,-119.85,1.3729,7.95,10.89,371.093458
combo__trend__long__w15__ge_0.333333__volume__short__w30__ge_30000__relvol__both__lb20__ge_1.00,combo,2,2022-11-22,2023-09-19,208,211,0.7062,325.0,1.54,40.54,-92.18,1.0569,5.85,1.54,55.602083
combo__trend__long__w15__ge_0.333333__volume__short__w30__ge_30000__relvol__both__lb20__ge_1.00,combo,3,2023-09-20,2024-07-22,208,227,0.7048,395.0,1.74,29.94,-65.6,1.0899,3.89,1.74,101.5
combo__trend__long__w15__ge_0.333333__volume__short__w30__ge_30000__relvol__both__lb20__ge_1.00,combo,4,2024-07-23,2025-05-23,208,214,0.7383,1705.0,7.97,46.68,-101.25,1.3007,5.68,7.97,300.025
combo__trend__long__w15__ge_0.333333__volume__short__w30__ge_30000__relvol__both__lb20__ge_1.00,combo,5,2025-05-26,2026-03-20,207,247,0.7287,875.0,3.54,33.22,-76.19,1.1714,4.64,3.54,188.677184
combo__trend__long__w15__ge_0.333333__volume__short__w30__ge_30000__relvol__short__lb40__ge_0.85,combo,1,2022-01-21,2022-11-21,208,388,0.7371,3395.0,8.75,52.1,-112.79,1.2951,11.29,8.75,300.715348
combo__trend__long__w15__ge_0.333333__volume__short__w30__ge_30000__relvol__short__lb40__ge_0.85,combo,2,2022-11-22,2023-09-19,208,314,0.7166,1035.0,3.3,39.4,-87.98,1.1322,6.34,3.3,163.326136
combo__trend__long__w15__ge_0.333333__volume__short__w30__ge_30000__relvol__short__lb40__ge_0.85,combo,3,2023-09-20,2024-07-22,208,330,0.7121,705.0,2.14,28.57,-63.26,1.1173,4.7,2.14,150.0
combo__trend__long__w15__ge_0.333333__volume__short__w30__ge_30000__relvol__short__lb40__ge_0.85,combo,4,2024-07-23,2025-05-23,208,332,0.7681,3770.0,11.36,43.98,-96.69,1.5064,3.16,11.36,1192.972603
combo__trend__long__w15__ge_0.333333__volume__short__w30__ge_30000__relvol__short__lb40__ge_0.85,combo,5,2025-05-26,2026-03-20,207,345,0.7159,890.0,2.58,32.37,-72.5,1.1253,5.05,2.58,176.285321
combo__trend__long__w15__ge_0.333333__volume__short__w30__ge_30000__relvol__short__lb60__ge_0.85,combo,1,2022-01-21,2022-11-21,208,392,0.7372,3375.0,8.61,52.01,-113.16,1.2896,11.17,8.61,302.147943
combo__trend__long__w15__ge_0.333333__volume__short__w30__ge_30000__relvol__short__lb60__ge_0.85,combo,2,2022-11-22,2023-09-19,208,304,0.7138,905.0,2.98,39.26,-87.53,1.1188,6.42,2.98,141.057519
combo__trend__long__w15__ge_0.333333__volume__short__w30__ge_30000__relvol__short__lb60__ge_0.85,combo,3,2023-09-20,2024-07-22,208,325,0.7108,670.0,2.06,28.64,-63.24,1.1127,4.7,2.06,142.553191
combo__trend__long__w15__ge_0.333333__volume__short__w30__ge_30000__relvol__short__lb60__ge_0.85,combo,4,2024-07-23,2025-05-23,208,338,0.7663,3720.0,11.01,43.98,-97.09,1.485,3.48,11.01,1068.321127
combo__trend__long__w15__ge_0.333333__volume__short__w30__ge_30000__relvol__short__lb60__ge_0.85,combo,5,2025-05-26,2026-03-20,207,338,0.713,795.0,2.35,32.49,-72.53,1.113,6.15,2.35,129.35188
combo__trend__long__w15__ge_0.400000__volume__both__w30__ge_50000__relvol__both__lb20__ge_1.00,combo,1,2022-01-21,2022-11-21,208,248,0.7702,3290.0,13.27,53.12,-120.26,1.4799,4.02,13.27,819.425234
combo__trend__long__w15__ge_0.400000__volume__both__w30__ge_50000__relvol__both__lb20__ge_1.00,combo,2,2022-11-22,2023-09-19,208,184,0.712,410.0,2.23,41.15,-93.96,1.0823,4.95,2.23,82.756311
combo__trend__long__w15__ge_0.400000__volume__both__w30__ge_50000__relvol__both__lb20__ge_1.00,combo,3,2023-09-20,2024-07-22,208,171,0.6959,175.0,1.02,30.59,-66.63,1.0505,5.56,1.02,31.45354
combo__trend__long__w15__ge_0.400000__volume__both__w30__ge_50000__relvol__both__lb20__ge_1.00,combo,4,2024-07-23,2025-05-23,208,188,0.75,1760.0,9.36,47.55,-105.21,1.3559,4.08,9.36,431.552
combo__trend__long__w15__ge_0.400000__volume__both__w30__ge_50000__relvol__both__lb20__ge_1.00,combo,5,2025-05-26,2026-03-20,207,186,0.6989,120.0,0.65,34.04,-76.88,1.0279,6.69,0.65,17.949296
combo__trend__long__w15__ge_0.400000__volume__both__w30__ge_50000__relvol__short__lb40__ge_0.85,combo,1,2022-01-21,2022-11-21,208,344,0.7558,4025.0,11.7,52.33,-114.05,1.4201,6.06,11.7,664.125
combo__trend__long__w15__ge_0.400000__volume__both__w30__ge_50000__relvol__short__lb40__ge_0.85,combo,2,2022-11-22,2023-09-19,208,262,0.7214,990.0,3.78,39.95,-89.86,1.1509,5.54,3.78,178.70339
combo__trend__long__w15__ge_0.400000__volume__both__w30__ge_50000__relvol__short__lb40__ge_0.85,combo,3,2023-09-20,2024-07-22,208,222,0.6892,85.0,0.38,29.77,-64.78,1.019,8.02,0.38,10.601242
combo__trend__long__w15__ge_0.400000__volume__both__w30__ge_50000__relvol__short__lb40__ge_0.85,combo,4,2024-07-23,2025-05-23,208,274,0.7482,2465.0,9.0,45.37,-99.06,1.3606,3.63,9.0,678.399468
combo__trend__long__w15__ge_0.400000__volume__both__w30__ge_50000__relvol__short__lb40__ge_0.85,combo,5,2025-05-26,2026-03-20,207,229,0.6856,-255.0,-1.11,33.18,-75.9,0.9533,6.96,-1.11,-36.615845
combo__trend__long__w15__ge_0.400000__volume__both__w30__ge_50000__relvol__short__lb60__ge_0.85,combo,1,2022-01-21,2022-11-21,208,348,0.7557,3990.0,11.47,52.22,-114.65,1.4094,6.0,11.47,664.687059
combo__trend__long__w15__ge_0.400000__volume__both__w30__ge_50000__relvol__short__lb60__ge_0.85,combo,2,2022-11-22,2023-09-19,208,252,0.7222,955.0,3.79,39.75,-89.71,1.1521,5.99,3.79,159.417323
combo__trend__long__w15__ge_0.400000__volume__both__w30__ge_50000__relvol__short__lb60__ge_0.85,combo,3,2023-09-20,2024-07-22,208,218,0.6927,150.0,0.69,29.8,-64.93,1.0345,7.3,0.69,20.558219
combo__trend__long__w15__ge_0.400000__volume__both__w30__ge_50000__relvol__short__lb60__ge_0.85,combo,4,2024-07-23,2025-05-23,208,279,0.7491,2505.0,8.98,45.33,-99.57,1.3594,3.86,8.98,649.694231
combo__trend__long__w15__ge_0.400000__volume__both__w30__ge_50000__relvol__short__lb60__ge_0.85,combo,5,2025-05-26,2026-03-20,207,222,0.6892,-160.0,-0.72,33.4,-76.38,0.9696,6.9,-0.72,-23.188732
combo__trend__long__w15__ge_0.400000__volume__long__w15__ge_50000__relvol__both__lb20__ge_1.00,combo,1,2022-01-21,2022-11-21,208,260,0.7615,3240.0,12.46,52.75,-116.21,1.4497,5.42,12.46,598.251969
combo__trend__long__w15__ge_0.400000__volume__long__w15__ge_50000__relvol__both__lb20__ge_1.00,combo,2,2022-11-22,2023-09-19,208,167,0.7126,555.0,3.32,41.68,-91.77,1.126,5.8,3.32,95.613415
combo__trend__long__w15__ge_0.400000__volume__long__w15__ge_50000__relvol__both__lb20__ge_1.00,combo,3,2023-09-20,2024-07-22,208,143,0.7133,335.0,2.34,29.85,-66.1,1.1236,5.0,2.34,67.0
combo__trend__long__w15__ge_0.400000__volume__long__w15__ge_50000__relvol__both__lb20__ge_1.00,combo,4,2024-07-23,2025-05-23,208,181,0.7459,1580.0,8.73,46.22,-101.3,1.3391,4.97,8.73,318.219835
combo__trend__long__w15__ge_0.400000__volume__long__w15__ge_50000__relvol__both__lb20__ge_1.00,combo,5,2025-05-26,2026-03-20,207,164,0.7317,670.0,4.09,33.33,-75.68,1.2012,6.56,4.09,102.152055
combo__trend__long__w15__ge_0.400000__volume__long__w15__ge_50000__relvol__short__lb40__ge_0.85,combo,1,2022-01-21,2022-11-21,208,312,0.7372,2815.0,9.02,52.8,-113.78,1.3017,8.51,9.02,330.668667
combo__trend__long__w15__ge_0.400000__volume__long__w15__ge_50000__relvol__short__lb40__ge_0.85,combo,2,2022-11-22,2023-09-19,208,195,0.7128,630.0,3.23,41.22,-91.07,1.1235,5.62,3.23,112.1925
combo__trend__long__w15__ge_0.400000__volume__long__w15__ge_50000__relvol__short__lb40__ge_0.85,combo,3,2023-09-20,2024-07-22,208,173,0.7225,570.0,3.29,29.64,-65.31,1.1818,5.23,3.29,108.951429
combo__trend__long__w15__ge_0.400000__volume__long__w15__ge_50000__relvol__short__lb40__ge_0.85,combo,4,2024-07-23,2025-05-23,208,221,0.7511,2175.0,9.84,45.66,-98.27,1.4024,3.79,9.84,573.429688
combo__trend__long__w15__ge_0.400000__volume__long__w15__ge_50000__relvol__short__lb40__ge_0.85,combo,5,2025-05-26,2026-03-20,207,195,0.7487,1165.0,5.97,32.77,-73.88,1.3218,4.59,5.97,253.723558
combo__trend__long__w15__ge_0.400000__volume__long__w15__ge_50000__relvol__short__lb60__ge_0.85,combo,1,2022-01-21,2022-11-21,208,319,0.7398,3085.0,9.67,53.09,-113.8,1.3266,8.86,9.67,348.238983
combo__trend__long__w15__ge_0.400000__volume__long__w15__ge_50000__relvol__short__lb60__ge_0.85,combo,2,2022-11-22,2023-09-19,208,190,0.7,405.0,2.13,41.58,-89.91,1.079,4.9,2.13,82.713462
combo__trend__long__w15__ge_0.400000__volume__long__w15__ge_50000__relvol__short__lb60__ge_0.85,combo,3,2023-09-20,2024-07-22,208,169,0.7278,595.0,3.52,29.59,-66.2,1.1954,5.6,3.52,106.25
combo__trend__long__w15__ge_0.400000__volume__long__w15__ge_50000__relvol__short__lb60__ge_0.85,combo,4,2024-07-23,2025-05-23,208,223,0.7534,2270.0,10.18,45.68,-98.27,1.42,3.76,10.18,602.96875
combo__trend__long__w15__ge_0.400000__volume__long__w15__ge_50000__relvol__short__lb60__ge_0.85,combo,5,2025-05-26,2026-03-20,207,188,0.7447,1075.0,5.72,32.93,-73.65,1.3041,5.22,5.72,205.980932
combo__trend__long__w15__ge_0.400000__volume__short__w30__ge_30000__relvol__both__lb20__ge_1.00,combo,1,2022-01-21,2022-11-21,208,253,0.7708,3375.0,13.34,53.03,-120.09,1.4846,4.01,13.34,842.172897
combo__trend__long__w15__ge_0.400000__volume__short__w30__ge_30000__relvol__both__lb20__ge_1.00,combo,2,2022-11-22,2023-09-19,208,197,0.7056,375.0,1.9,40.79,-91.29,1.0708,4.86,1.9,77.190594
combo__trend__long__w15__ge_0.400000__volume__short__w30__ge_30000__relvol__both__lb20__ge_1.00,combo,3,2023-09-20,2024-07-22,208,211,0.7062,435.0,2.06,30.13,-65.4,1.1073,4.46,2.06,97.536667
combo__trend__long__w15__ge_0.400000__volume__short__w30__ge_30000__relvol__both__lb20__ge_1.00,combo,4,2024-07-23,2025-05-23,208,200,0.745,1775.0,8.88,46.98,-102.45,1.3397,4.07,8.88,435.7625
combo__trend__long__w15__ge_0.400000__volume__short__w30__ge_30000__relvol__both__lb20__ge_1.00,combo,5,2025-05-26,2026-03-20,207,229,0.7031,205.0,0.9,33.2,-75.59,1.0399,6.57,0.9,31.203929
combo__trend__long__w15__ge_0.400000__volume__short__w30__ge_30000__relvol__short__lb40__ge_0.85,combo,1,2022-01-21,2022-11-21,208,356,0.7444,3540.0,9.94,52.21,-113.13,1.3439,7.55,9.94,469.179512
combo__trend__long__w15__ge_0.400000__volume__short__w30__ge_30000__relvol__short__lb40__ge_0.85,combo,2,2022-11-22,2023-09-19,208,285,0.7193,1095.0,3.84,39.71,-88.06,1.1554,5.33,3.84,205.433628
combo__trend__long__w15__ge_0.400000__volume__short__w30__ge_30000__relvol__short__lb40__ge_0.85,combo,3,2023-09-20,2024-07-22,208,302,0.7152,805.0,2.67,28.75,-62.85,1.1489,4.25,2.67,189.411765
combo__trend__long__w15__ge_0.400000__volume__short__w30__ge_30000__relvol__short__lb40__ge_0.85,combo,4,2024-07-23,2025-05-23,208,309,0.754,3060.0,9.9,44.61,-96.51,1.4172,3.29,9.9,929.802857
combo__trend__long__w15__ge_0.400000__volume__short__w30__ge_30000__relvol__short__lb40__ge_0.85,combo,5,2025-05-26,2026-03-20,207,316,0.6962,140.0,0.44,32.59,-73.23,1.0199,7.2,0.44,19.439189
combo__trend__long__w15__ge_0.400000__volume__short__w30__ge_30000__relvol__short__lb60__ge_0.85,combo,1,2022-01-21,2022-11-21,208,360,0.7444,3520.0,9.78,52.11,-113.53,1.337,7.46,9.78,471.68
combo__trend__long__w15__ge_0.400000__volume__short__w30__ge_30000__relvol__short__lb60__ge_0.85,combo,2,2022-11-22,2023-09-19,208,275,0.7164,965.0,3.51,39.57,-87.56,1.1413,5.69,3.51,169.679167
combo__trend__long__w15__ge_0.400000__volume__short__w30__ge_30000__relvol__short__lb60__ge_0.85,combo,3,2023-09-20,2024-07-22,208,297,0.7138,770.0,2.59,28.82,-62.82,1.1442,4.25,2.59,181.176471
combo__trend__long__w15__ge_0.400000__volume__short__w30__ge_30000__relvol__short__lb60__ge_0.85,combo,4,2024-07-23,2025-05-23,208,315,0.7524,3010.0,9.56,44.6,-96.92,1.3981,3.87,9.56,776.88481
combo__trend__long__w15__ge_0.400000__volume__short__w30__ge_30000__relvol__short__lb60__ge_0.85,combo,5,2025-05-26,2026-03-20,207,309,0.6926,45.0,0.15,32.73,-73.26,1.0065,8.75,0.15,5.143923
