entry_time,exit_time,direction,entry_price,exit_price,pnl_brl
2022.09.01 11:15:00,2022.09.01 15:30:00,long,5253.500,5268.000,134.00
2022.09.15 09:15:00,2022.09.15 09:50:00,long,5209.500,5209.500,-11.00
2022.09.27 11:00:00,2022.09.27 11:35:00,long,5361.500,5358.000,-46.00
2022.10.21 10:40:00,2022.10.21 11:30:00,short,5228.000,5217.000,99.00
2022.11.03 10:45:00,2022.11.03 14:50:00,short,5173.000,5139.000,329.00
2022.11.07 10:40:00,2022.11.07 11:30:00,short,5090.500,5102.500,-131.00
2022.11.07 11:40:00,2022.11.07 17:30:00,long,5108.500,5184.500,749.00
2022.11.30 12:00:00,2022.11.30 17:30:00,short,5310.500,5221.000,884.00
2022.12.08 10:25:00,2022.12.08 12:45:00,short,5236.500,5237.000,-16.00
2022.12.20 10:25:00,2022.12.20 14:00:00,short,5297.500,5211.000,854.00
2022.12.22 11:10:00,2022.12.22 14:40:00,short,5201.000,5184.000,159.00
2022.12.29 10:00:00,2022.12.29 11:45:00,short,5241.500,5251.000,-106.00
2023.01.02 14:35:00,2023.01.02 17:10:00,long,5378.000,5395.000,159.00
2023.01.05 11:35:00,2023.01.05 17:30:00,short,5421.000,5384.000,359.00
2023.01.11 10:20:00,2023.01.11 10:40:00,short,5223.500,5229.000,-66.00
2023.01.13 10:50:00,2023.01.13 13:40:00,short,5126.000,5124.000,9.00
2023.01.20 09:30:00,2023.01.20 10:00:00,long,5209.500,5191.000,-196.00
2023.01.26 11:30:00,2023.01.26 12:45:00,short,5091.500,5087.000,34.00
2023.01.27 10:05:00,2023.01.27 11:10:00,short,5070.500,5082.000,-126.00
2023.02.07 10:35:00,2023.02.07 13:10:00,long,5189.500,5202.500,119.00
2023.02.09 09:35:00,2023.02.09 10:30:00,long,5230.000,5219.000,-121.00
2023.02.09 11:25:00,2023.02.09 13:40:00,long,5247.500,5272.500,239.00
2023.02.15 11:55:00,2023.02.15 13:40:00,long,5235.500,5225.500,-111.00
2023.03.06 11:50:00,2023.03.06 15:45:00,short,5229.500,5201.000,274.00
2023.04.06 11:50:00,2023.04.06 12:30:00,short,5078.500,5086.500,-91.00
2023.04.10 09:35:00,2023.04.10 11:45:00,long,5087.500,5095.000,64.00
2023.04.14 09:15:00,2023.04.14 09:35:00,short,4923.500,4936.000,-136.00
2023.04.25 10:00:00,2023.04.25 10:20:00,short,5039.000,5052.500,-146.00
2023.05.03 10:00:00,2023.05.03 10:25:00,long,5080.000,5066.000,-151.00
2023.05.12 10:00:00,2023.05.12 11:35:00,short,4950.500,4946.500,29.00
2023.05.15 11:45:00,2023.05.15 14:05:00,short,4931.500,4929.500,9.00
2023.05.19 10:00:00,2023.05.19 12:20:00,long,4983.500,4993.000,84.00
2023.05.19 14:50:00,2023.05.19 17:30:00,long,5001.000,5007.000,49.00
2023.05.23 10:35:00,2023.05.23 10:55:00,short,4978.000,4989.500,-126.00
2023.06.06 11:25:00,2023.06.06 14:25:00,short,4950.000,4934.500,144.00
2023.06.15 10:30:00,2023.06.15 13:35:00,short,4829.000,4828.000,-1.00
2023.06.16 11:20:00,2023.06.16 12:00:00,short,4832.500,4838.500,-71.00
2023.06.27 10:40:00,2023.06.27 15:55:00,long,4776.000,4797.500,204.00
2023.07.18 09:40:00,2023.07.18 09:55:00,long,4833.000,4824.500,-96.00
2023.08.18 10:55:00,2023.08.18 14:25:00,short,4988.500,4982.500,49.00
2023.08.29 09:20:00,2023.08.29 09:55:00,long,4895.000,4889.500,-66.00
2023.09.01 11:35:00,2023.09.01 14:05:00,long,4952.500,4957.500,39.00
2023.09.05 14:30:00,2023.09.05 15:30:00,long,4991.000,4989.000,-31.00
2023.09.26 10:25:00,2023.09.26 10:45:00,long,4972.000,4965.000,-81.00
2023.10.04 10:40:00,2023.10.04 12:10:00,long,5169.500,5172.000,14.00
2023.10.17 11:20:00,2023.10.17 14:15:00,short,5052.500,5033.500,179.00
2023.10.30 11:30:00,2023.10.30 12:05:00,long,5004.000,4999.500,-56.00
2023.11.08 11:30:00,2023.11.08 12:05:00,short,4891.500,4894.000,-36.00
2023.11.17 09:35:00,2023.11.17 10:15:00,short,4869.000,4886.500,-186.00
2023.11.27 11:55:00,2023.11.27 13:30:00,long,4900.500,4911.000,94.00
2023.11.28 10:55:00,2023.11.28 11:35:00,long,4905.000,4893.500,-126.00
2023.11.28 11:45:00,2023.11.28 14:35:00,short,4894.000,4871.000,219.00
2023.11.29 12:00:00,2023.11.29 13:00:00,short,4882.500,4888.000,-66.00
2023.12.07 09:45:00,2023.12.07 11:05:00,short,4903.000,4902.500,-6.00
2023.12.08 10:05:00,2023.12.08 10:30:00,long,4919.000,4914.500,-56.00
2023.12.13 10:15:00,2023.12.13 10:55:00,long,4976.000,4965.000,-121.00
2023.12.27 14:15:00,2023.12.27 15:30:00,short,4819.000,4823.500,-56.00
2024.01.05 10:50:00,2024.01.05 13:45:00,short,4921.000,4892.000,279.00
2024.01.10 11:25:00,2024.01.10 13:00:00,long,4914.000,4903.000,-121.00
2024.01.23 11:45:00,2024.01.23 12:10:00,long,4984.500,4980.500,-51.00
2024.01.30 10:10:00,2024.01.30 11:25:00,long,4952.000,4958.500,54.00
2024.02.06 11:30:00,2024.02.06 11:40:00,long,4990.000,4981.000,-101.00
2024.02.16 09:15:00,2024.02.16 10:25:00,short,4976.000,4979.500,-46.00
2024.03.12 09:10:00,2024.03.12 09:55:00,short,4979.000,4977.500,4.00
2024.03.12 10:10:00,2024.03.12 11:05:00,long,4992.000,4985.000,-81.00
2024.03.12 11:30:00,2024.03.12 12:40:00,short,4977.500,4987.000,-106.00
2024.03.13 09:45:00,2024.03.13 11:25:00,long,4982.500,4984.500,9.00
2024.03.14 10:35:00,2024.03.14 11:35:00,long,4981.000,4975.500,-66.00
2024.03.18 10:50:00,2024.03.18 13:00:00,long,5007.000,5022.500,144.00
2024.03.20 09:30:00,2024.03.20 09:40:00,short,5019.000,5026.500,-86.00
2024.03.22 10:55:00,2024.03.22 12:20:00,short,4985.000,4989.500,-56.00
2024.03.25 09:10:00,2024.03.25 09:40:00,short,4991.000,4992.000,-21.00
2024.03.27 09:20:00,2024.03.27 11:15:00,long,4985.000,4985.500,-6.00
2024.04.02 11:55:00,2024.04.02 12:10:00,long,5072.000,5059.000,-141.00
2024.04.05 09:25:00,2024.04.05 09:35:00,short,5048.500,5059.500,-121.00
2024.04.12 14:25:00,2024.04.12 14:50:00,long,5145.500,5138.000,-86.00
2024.04.15 09:25:00,2024.04.15 09:45:00,long,5145.000,5147.000,9.00
2024.04.23 10:55:00,2024.04.23 11:50:00,short,5158.500,5159.500,-21.00
2024.04.24 14:05:00,2024.04.24 15:20:00,short,5153.500,5155.000,-26.00
2024.04.25 09:45:00,2024.04.25 10:40:00,long,5165.000,5175.500,94.00
2024.05.07 09:50:00,2024.05.07 11:00:00,short,5077.500,5079.000,-26.00
2024.05.10 11:25:00,2024.05.10 15:00:00,long,5154.000,5162.500,74.00
2024.05.13 11:40:00,2024.05.13 14:55:00,long,5152.500,5164.000,104.00
2024.05.20 11:10:00,2024.05.20 12:15:00,short,5114.500,5104.500,89.00
2024.05.24 10:25:00,2024.05.24 11:10:00,long,5150.000,5143.000,-81.00
2024.05.24 11:20:00,2024.05.24 11:40:00,short,5143.000,5153.000,-111.00
2024.05.27 11:10:00,2024.05.27 12:15:00,long,5172.000,5175.500,24.00
2024.05.27 14:40:00,2024.05.27 15:55:00,long,5175.500,5173.000,-36.00
2024.06.05 11:05:00,2024.06.05 11:25:00,long,5298.000,5298.000,-11.00
2024.06.07 09:15:00,2024.06.07 09:35:00,short,5257.000,5289.000,-331.00
2024.06.12 10:40:00,2024.06.12 12:50:00,long,5418.000,5410.000,-91.00
2024.06.17 14:50:00,2024.06.17 17:30:00,long,5419.000,5426.500,64.00
2024.06.27 10:20:00,2024.06.27 14:05:00,long,5518.000,5528.000,89.00
2024.06.28 09:10:00,2024.06.28 11:45:00,long,5522.500,5584.000,604.00
2024.07.01 10:05:00,2024.07.01 10:20:00,long,5612.500,5595.000,-186.00
2024.07.12 10:20:00,2024.07.12 11:35:00,long,5463.500,5459.000,-56.00
2024.07.30 11:45:00,2024.07.30 12:35:00,short,5634.500,5649.500,-161.00
2024.08.01 11:50:00,2024.08.01 14:55:00,long,5683.500,5734.500,499.00
2024.08.16 11:20:00,2024.08.16 13:15:00,long,5484.000,5480.000,-51.00
2024.08.30 09:55:00,2024.08.30 10:55:00,long,5648.500,5671.000,214.00
2024.09.10 09:40:00,2024.09.10 15:45:00,long,5610.500,5663.000,514.00
2024.09.16 10:05:00,2024.09.16 13:25:00,short,5563.500,5525.500,369.00
2024.09.27 10:30:00,2024.09.27 13:35:00,short,5440.500,5444.000,-46.00
2024.10.14 09:15:00,2024.10.14 09:45:00,long,5648.500,5649.500,-1.00
2024.10.16 09:45:00,2024.10.16 11:10:00,long,5685.500,5682.000,-46.00
2024.10.22 09:30:00,2024.10.22 10:20:00,long,5713.000,5699.500,-146.00
2024.10.24 09:20:00,2024.10.24 10:00:00,long,5708.500,5708.000,-16.00
2024.10.25 11:25:00,2024.10.25 12:20:00,short,5686.500,5699.500,-141.00
2024.11.01 10:25:00,2024.11.01 17:30:00,long,5821.500,5886.500,639.00
2024.11.05 10:30:00,2024.11.05 11:25:00,short,5793.500,5814.500,-221.00
2024.11.06 10:55:00,2024.11.06 11:40:00,short,5794.500,5805.000,-116.00
2024.11.07 10:10:00,2024.11.07 11:20:00,short,5666.000,5671.000,-61.00
2024.11.13 11:15:00,2024.11.13 16:15:00,long,5778.500,5812.500,329.00
2024.11.18 09:10:00,2024.11.18 09:40:00,short,5780.500,5797.000,-176.00
2024.11.19 11:15:00,2024.11.19 11:25:00,short,5761.500,5781.000,-206.00
2024.12.04 09:25:00,2024.12.04 10:10:00,long,6081.500,6066.000,-166.00
2024.12.06 11:15:00,2024.12.06 16:55:00,long,6030.000,6093.500,624.00
2024.12.11 10:10:00,2024.12.11 12:10:00,short,6046.000,6052.000,-71.00
2024.12.13 09:45:00,2024.12.13 10:40:00,long,6034.500,6020.500,-151.00
2024.12.13 14:50:00,2024.12.13 15:45:00,short,6025.000,6052.500,-286.00
2025.01.03 09:20:00,2025.01.03 10:05:00,long,6215.500,6205.500,-111.00
2025.01.03 10:20:00,2025.01.03 10:40:00,short,6186.500,6187.500,-21.00
2025.01.15 09:10:00,2025.01.15 09:45:00,short,6057.000,6071.000,-151.00
2025.01.16 12:00:00,2025.01.16 12:40:00,short,6037.000,6040.000,-41.00
2025.01.17 11:50:00,2025.01.17 14:35:00,short,6064.500,6064.500,-11.00
2025.01.21 09:10:00,2025.01.21 10:00:00,long,6071.500,6056.000,-166.00
2025.01.23 10:50:00,2025.01.23 15:30:00,short,5953.500,5899.500,529.00
2025.01.27 10:30:00,2025.01.27 11:35:00,short,5925.500,5939.000,-146.00
2025.01.29 11:55:00,2025.01.29 12:50:00,short,5860.500,5863.500,-41.00
2025.02.04 11:00:00,2025.02.04 14:25:00,short,5838.500,5798.500,389.00
2025.02.06 10:50:00,2025.02.06 12:15:00,short,5818.500,5809.500,79.00
2025.02.10 11:40:00,2025.02.10 12:05:00,long,5817.500,5808.500,-101.00
2025.02.19 11:30:00,2025.02.19 13:05:00,short,5711.500,5709.500,9.00
2025.02.24 10:35:00,2025.02.24 13:45:00,long,5733.000,5735.000,9.00
2025.03.12 10:55:00,2025.03.12 11:15:00,short,5834.000,5850.500,-176.00
2025.03.13 11:25:00,2025.03.13 14:20:00,short,5832.000,5831.000,-1.00
2025.03.17 09:10:00,2025.03.17 10:15:00,short,5744.000,5735.500,74.00
2025.03.18 10:20:00,2025.03.18 15:05:00,short,5704.000,5685.000,179.00
2025.03.24 09:35:00,2025.03.24 10:05:00,long,5743.000,5761.500,174.00
2025.03.27 11:30:00,2025.03.27 12:10:00,short,5735.500,5745.000,-106.00
2025.04.16 09:50:00,2025.04.16 10:25:00,long,5917.000,5911.000,-71.00
2025.04.28 09:30:00,2025.04.28 11:55:00,short,5686.000,5673.500,114.00
2025.05.07 09:40:00,2025.05.07 13:55:00,long,5755.000,5772.000,159.00
2025.05.12 10:45:00,2025.05.12 10:55:00,short,5691.500,5706.000,-156.00
2025.05.19 10:40:00,2025.05.19 13:55:00,short,5686.000,5662.500,224.00
2025.05.22 10:15:00,2025.05.22 13:45:00,short,5659.000,5637.500,204.00
2025.06.03 09:40:00,2025.06.03 10:10:00,long,5727.500,5729.500,9.00
2025.06.20 11:40:00,2025.06.20 13:15:00,long,5509.500,5511.000,4.00
2025.07.03 10:30:00,2025.07.03 12:10:00,short,5456.000,5454.500,4.00
2025.07.04 10:25:00,2025.07.04 11:40:00,short,5445.000,5448.000,-41.00
2025.07.09 14:40:00,2025.07.09 17:30:00,long,5513.500,5616.500,1019.00
2025.07.15 09:35:00,2025.07.15 10:35:00,short,5585.000,5574.500,94.00
2025.07.16 09:55:00,2025.07.16 11:20:00,long,5590.500,5597.500,59.00
2025.07.18 10:15:00,2025.07.18 11:30:00,short,5553.500,5556.000,-36.00
2025.07.22 10:25:00,2025.07.22 10:55:00,short,5576.500,5592.000,-166.00
2025.08.01 09:45:00,2025.08.01 10:55:00,short,5614.000,5595.500,174.00
2025.08.19 14:05:00,2025.08.19 17:30:00,long,5494.500,5518.500,229.00
2025.08.25 10:00:00,2025.08.25 14:45:00,short,5431.500,5418.500,119.00
2025.08.28 11:10:00,2025.08.28 12:55:00,short,5415.500,5416.500,-21.00
2025.09.09 09:30:00,2025.09.09 10:40:00,long,5456.000,5449.000,-81.00
2025.09.09 10:50:00,2025.09.09 12:45:00,short,5448.000,5453.500,-66.00
2025.09.10 09:10:00,2025.09.10 16:00:00,short,5457.000,5431.000,249.00
2025.09.11 09:50:00,2025.09.11 13:00:00,short,5431.500,5408.000,224.00
2025.09.12 10:05:00,2025.09.12 15:40:00,short,5405.500,5374.500,299.00
2025.09.25 09:55:00,2025.09.25 10:00:00,long,5343.500,5329.500,-151.00
2025.09.29 09:10:00,2025.09.29 09:45:00,short,5334.000,5338.500,-56.00
2025.10.02 10:00:00,2025.10.02 13:20:00,long,5368.500,5395.500,259.00
2025.10.03 10:25:00,2025.10.03 12:35:00,long,5383.000,5386.000,19.00
2025.10.09 10:25:00,2025.10.09 16:55:00,long,5374.500,5401.000,254.00
2025.10.10 09:40:00,2025.10.10 11:10:00,long,5409.000,5460.500,504.00
2025.10.21 12:00:00,2025.10.21 13:55:00,short,5399.500,5395.000,34.00
2025.10.22 09:15:00,2025.10.22 09:50:00,short,5397.000,5399.000,-31.00
2025.11.25 11:25:00,2025.11.25 12:00:00,long,5391.000,5402.500,104.00
2025.11.25 14:25:00,2025.11.25 17:10:00,short,5385.500,5381.500,29.00
2025.11.26 09:30:00,2025.11.26 09:40:00,short,5379.000,5388.000,-101.00
2025.11.26 10:10:00,2025.11.26 17:30:00,short,5379.000,5337.500,404.00
2025.12.08 12:00:00,2025.12.08 13:15:00,long,5452.000,5467.000,139.00
2025.12.12 10:05:00,2025.12.12 12:10:00,short,5419.000,5416.000,19.00
2025.12.26 11:15:00,2025.12.26 12:55:00,short,5545.000,5539.000,49.00
2026.01.05 11:30:00,2026.01.05 16:40:00,short,5467.000,5439.500,264.00
2026.01.06 09:50:00,2026.01.06 12:30:00,short,5432.000,5414.500,164.00
2026.01.23 10:05:00,2026.01.23 10:25:00,short,5289.500,5299.500,-111.00
2026.01.27 09:15:00,2026.01.27 17:30:00,short,5278.500,5204.500,729.00
2026.01.29 14:10:00,2026.01.29 17:30:00,short,5206.500,5192.500,129.00
2026.02.04 09:10:00,2026.02.04 11:35:00,short,5263.500,5259.000,34.00
2026.02.04 11:40:00,2026.02.04 14:05:00,long,5267.500,5272.000,34.00
2026.02.05 09:25:00,2026.02.05 10:10:00,long,5284.500,5286.000,4.00
2026.02.23 10:25:00,2026.02.23 12:55:00,short,5181.000,5159.500,204.00
2026.03.11 11:00:00,2026.03.11 13:05:00,short,5179.500,5187.500,-91.00
2026.03.12 14:30:00,2026.03.12 17:30:00,long,5239.000,5271.000,309.00
