kept_trades,removed_trades,removed_net_profit_brl,all_trades,all_net_profit_brl,all_avg_profit_brl,all_profit_factor,all_win_rate,all_max_drawdown_pct,train_trades,train_net_profit_brl,train_avg_profit_brl,train_profit_factor,train_win_rate,train_max_drawdown_pct,test_trades,test_net_profit_brl,test_avg_profit_brl,test_profit_factor,test_win_rate,test_max_drawdown_pct,name,column,threshold,side,test_pf_delta,test_avg_delta
1786,893,3930.0,1786,10185.0,5.702687569988802,1.2347315049550587,0.7262038073908175,9.24071082390953,1262,6220.0,4.928684627575278,1.1891727493917275,0.7179080824088748,9.24071082390953,524,3965.0,7.566793893129771,1.3772597526165558,0.7461832061068703,5.987355894384529,all_trend_efficiency_ge_0.333333,signal_dir_trend_efficiency_15,0.333333,all,0.16143860042395053,2.8839580722342486
2273,406,-110.0,2273,14225.0,6.258249010118786,1.267085993240706,0.7298724153101628,8.323598130841122,1581,9695.0,6.132194813409234,1.2478271983640081,0.7267552182163188,8.323598130841122,692,4530.0,6.546242774566474,1.3203677510608203,0.7369942196531792,5.999325918436131,benchmark_skip_long_seq2,,,,0.10454659886821505,1.8634069536709523
1309,1370,5220.0,1309,8895.0,6.795263559969443,1.257975638051044,0.7318563789152025,7.557063541024059,949,6430.0,6.775553213909379,1.246454580298965,0.7291886195995785,7.557063541024059,360,2465.0,6.847222222222222,1.2938021454112039,0.7388888888888889,6.055776892430279,all_dir_ret_15_ge_10.5,signal_dir_ret_15,10.5,all,0.07798099321859864,2.1643864013267002
2247,432,1450.0,2247,12665.0,5.63640409434802,1.2336069353499954,0.7254116599910992,8.895348837209301,1566,8610.0,5.498084291187739,1.2156543519098308,0.722860791826309,8.895348837209301,681,4055.0,5.954478707782672,1.2837648705388383,0.7312775330396476,6.121700879765396,long_only_trend_efficiency_ge_0.333333,signal_dir_trend_efficiency_15,0.333333,long,0.06794371834623303,1.2716428868871503
905,1774,6580.0,905,7535.0,8.32596685082873,1.3123316062176167,0.7392265193370166,6.323257248611967,689,6030.0,8.751814223512337,1.322287546766435,0.7387518142235123,6.323257248611967,216,1505.0,6.967592592592593,1.2779316712834718,0.7407407407407407,4.873563218390804,all_dir_ret_15_ge_13.5,signal_dir_ret_15,13.5,all,0.06211051909086662,2.2847567716970705
1834,845,2650.0,1834,11465.0,6.251363140676117,1.2519780219780219,0.7273718647764449,5.534246575342466,1284,8145.0,6.343457943925234,1.2430255109652395,0.7258566978193146,5.534246575342466,550,3320.0,6.036363636363636,1.2770129328327076,0.730909090909091,6.451612903225806,long_only_dir_ret_15_ge_13,signal_dir_ret_15,13.0,long,0.06119178064010233,1.353527815468114
1804,875,4185.0,1804,9930.0,5.504434589800444,1.2187947559766443,0.7239467849223947,8.749580958766343,1270,6735.0,5.303149606299213,1.1995259961487188,0.721259842519685,8.749580958766343,534,3195.0,5.98314606741573,1.2747205503009458,0.7303370786516854,9.12901723334886,long_only_open_impulse_ge_31.5,signal_open_impulse,31.5,long,0.05889939810834055,1.3003102465202083
2021,658,2090.0,2021,12025.0,5.95002474022761,1.2395895596732416,0.7278574962889659,8.349844324936315,1416,8425.0,5.949858757062147,1.2274568034557236,0.7259887005649718,8.349844324936315,605,3600.0,5.950413223140496,1.273764258555133,0.7322314049586777,6.0402684563758395,long_only_dir_ret_15_ge_10,signal_dir_ret_15,10.0,long,0.05794310636252775,1.2675774022449735
945,1734,8035.0,945,6080.0,6.4338624338624335,1.2629757785467128,0.7301587301587301,5.480453050785532,660,4385.0,6.643939393939394,1.2596979567663606,0.7303030303030303,5.480453050785532,285,1695.0,5.947368421052632,1.2718524458700882,0.7298245614035088,5.07910074937552,all_trend_efficiency_ge_0.5,signal_dir_trend_efficiency_15,0.5,all,0.05603129367748294,1.2645326001571098
1682,997,4055.0,1682,10060.0,5.980975029726516,1.2285065303804656,0.7271105826397146,7.210327455919395,1219,7205.0,5.910582444626743,1.2173781867551667,0.7251845775225595,7.210327455919395,463,2855.0,6.166306695464363,1.2624080882352942,0.7321814254859611,9.331538806639749,all_strength_score_ge_0.420253,strength_score,0.420253,all,0.04658693604268893,1.483470874568841
2175,504,1870.0,2175,12245.0,5.629885057471264,1.2273486817675454,0.7268965517241379,8.864182692307693,1541,8630.0,5.600259571706684,1.2163178343150771,0.7242050616482804,8.864182692307693,634,3615.0,5.701892744479495,1.2588614393125672,0.7334384858044164,8.969210174029453,all_dir_ret_15_ge_5,signal_dir_ret_15,5.0,all,0.043040287119961995,1.0190569235839728
2004,675,4100.0,2004,10015.0,4.99750499001996,1.196951819075713,0.720558882235529,9.293193717277488,1408,6680.0,4.744318181818182,1.1768599417527137,0.7166193181818182,9.293193717277488,596,3335.0,5.595637583892618,1.2549694189602447,0.7298657718120806,9.892673821745216,long_only_open_impulse_ge_24.5,signal_open_impulse,24.5,long,0.039148266767639495,0.9128017629970957
1763,916,3965.0,1763,10150.0,5.75723199092456,1.224111282843895,0.7260351673284174,7.991742848717193,1259,7265.0,5.770452740270056,1.2147184867740506,0.7227958697378872,7.991742848717193,504,2885.0,5.724206349206349,1.25185508511567,0.7341269841269841,7.734056987788331,all_dir_ret_15_ge_7.5,signal_dir_ret_15,7.5,all,0.03603393292306478,1.0413705283108268
2213,466,2025.0,2213,12090.0,5.463172164482603,1.2206204379562045,0.7234523271577045,8.426163953156241,1548,8555.0,5.526485788113695,1.2126522495650012,0.7222222222222222,8.426163953156241,665,3535.0,5.315789473684211,1.2426218256691832,0.7263157894736842,6.871609403254973,long_only_dir_ret_15_ge_7.5,signal_dir_ret_15,7.5,long,0.026800673476577996,0.6329536527886885
1783,896,3025.0,1783,11090.0,6.219854178351094,1.2521314084346937,0.7274256870443073,6.7687595712098005,1256,8220.0,6.544585987261146,1.2557560672059738,0.7269108280254777,6.7687595712098005,527,2870.0,5.445920303605313,1.2422963275643732,0.7286527514231499,8.24406148113647,long_only_cum_volume_rel_ge_1.03785,signal_cum_volume_rel,1.037846,long,0.026475175371768023,0.7630844827097913
2200,479,3090.0,2200,11025.0,5.011363636363637,1.1998187584956954,0.7195454545454546,9.254807692307693,1551,7605.0,4.903288201160541,1.185986793837124,0.716956802063185,9.254807692307693,649,3420.0,5.269645608628659,1.23941197059853,0.7257318952234206,9.08256880733945,long_only_open_impulse_ge_18.5,signal_open_impulse,18.5,long,0.023590818405924807,0.5868097877331371
2424,255,910.0,2424,13205.0,5.447607260726072,1.2260162601626017,0.7244224422442245,8.349844324936315,1686,9470.0,5.616844602609727,1.222692533803645,0.7241992882562278,8.349844324936315,738,3735.0,5.060975609756097,1.2349056603773585,0.7249322493224932,7.349665924276169,long_only_trend_efficiency_ge_0.228847,signal_dir_trend_efficiency_15,0.228847,long,0.01908450818475327,0.3781397888605751
2108,571,2740.0,2108,11375.0,5.3961100569259965,1.2118644067796611,0.7234345351043643,8.950242718446603,1500,8150.0,5.433333333333334,1.2047738693467336,0.7233333333333334,8.950242718446603,608,3225.0,5.3042763157894735,1.232181425485961,0.7236842105263158,8.193832599118943,all_strength_score_ge_0.323752,strength_score,0.323752,all,0.016360273293355876,0.6214404948939514
2420,259,485.0,2420,13630.0,5.632231404958677,1.2321976149914822,0.7256198347107438,8.423757852655624,1695,10005.0,5.902654867256637,1.23378899404136,0.7262536873156342,8.423757852655624,725,3625.0,5.0,1.227915749764225,0.7241379310344828,8.01068090787717,long_only_dir_ret_15_ge_5,signal_dir_ret_15,5.0,long,0.012094597571619792,0.3171641791044779
1797,882,3280.0,1797,10835.0,6.0294936004451865,1.2413409065597505,0.7262103505843072,6.495468277945619,1261,8150.0,6.463124504361618,1.2490450725744844,0.7272006344171292,6.495468277945619,536,2685.0,5.009328358208955,1.2206244864420706,0.7238805970149254,7.392686804451511,long_only_strength_score_ge_0.585034,strength_score,0.585034,long,0.00480333424946533,0.32649253731343286
2404,275,2510.0,2404,11605.0,4.827371048252912,1.1945189406637613,0.7192179700499168,10.047142015321155,1692,8220.0,4.858156028368795,1.1866908925732456,0.7180851063829787,10.047142015321155,712,3385.0,4.754213483146067,1.2165706973768393,0.7219101123595506,9.070087036188731,long_only_open_impulse_ge_12.5,signal_open_impulse,12.5,long,0.0007495451842340906,0.07137766225054509
2679,0,0.0,2679,14115.0,5.268756998880179,1.2187354718735472,0.7237775289287047,9.25122083559414,1875,10350.0,5.52,1.2198152277795475,0.7237333333333333,9.25122083559414,804,3765.0,4.682835820895522,1.2158211521926052,0.7238805970149254,8.126410835214447,baseline_keep_all,,,,0.0,0.0
2207,472,2490.0,2207,11625.0,5.267331218849116,1.209951237132021,0.7222473946533756,9.484001153070048,1544,8420.0,5.453367875647668,1.2080810577041887,0.7221502590673575,9.484001153070048,663,3205.0,4.834087481146304,1.215028513921503,0.722473604826546,8.12274368231047,long_only_strength_score_ge_0.399236,strength_score,0.399236,long,-0.0007926382711023194,0.1512516602507823
1991,688,2740.0,1991,11375.0,5.713209442491211,1.2282990466633217,0.724761426418885,6.840390879478828,1403,8505.0,6.062009978617248,1.2332053742802302,0.7255880256593015,6.840390879478828,588,2870.0,4.880952380952381,1.2149007862223886,0.7227891156462585,8.689779378658262,long_only_strength_score_ge_0.496785,strength_score,0.496785,long,-0.0009203659702166078,0.1981165600568593
2125,554,2510.0,2125,11605.0,5.461176470588235,1.2210265688982003,0.7242352941176471,9.194029850746269,1500,8620.0,5.746666666666667,1.2238961038961038,0.7246666666666667,9.194029850746269,625,2985.0,4.776,1.2131381649410924,0.7232,7.493188010899182,all_range_vs_filter_ge_1.55311,signal_range_vs_filter,1.553112,all,-0.002682987251512836,0.09316417910447772
1317,1362,7080.0,1317,7035.0,5.341685649202733,1.2139923954372625,0.721336370539104,6.7842605156037985,933,5225.0,5.60021436227224,1.2151976935749589,0.7213290460878885,6.7842605156037985,384,1810.0,4.713541666666667,1.210587550901687,0.7213541666666666,7.481602616516763,all_trend_efficiency_ge_0.421053,signal_dir_trend_efficiency_15,0.421053,all,-0.005233601290918211,0.03070584577114488
2012,667,2985.0,2012,11130.0,5.531809145129225,1.22716603735075,0.7226640159045725,6.525037936267071,1402,8360.0,5.9629101283880175,1.2352610102715633,0.724679029957204,6.525037936267071,610,2770.0,4.540983606557377,1.2057949479940564,0.7180327868852459,7.648401826484018,long_only_trend_efficiency_ge_0.419355,signal_dir_trend_efficiency_15,0.419355,long,-0.010026204198548827,-0.14185221433814466
2154,525,3005.0,2154,11110.0,5.1578458681522745,1.2117804041174227,0.7223769730733519,8.578143360752057,1499,8190.0,5.463642428285524,1.215101772816809,0.7224816544362909,8.578143360752057,655,2920.0,4.458015267175573,1.202989224887035,0.7221374045801526,8.169642857142858,all_trend_efficiency_ge_0.234043,signal_dir_trend_efficiency_15,0.234043,all,-0.012831927305570145,-0.22482055371994925
1970,709,2675.0,1970,11440.0,5.807106598984771,1.23342175066313,0.7243654822335025,8.710311885361056,1396,8790.0,6.296561604584527,1.2454964390448262,0.7256446991404012,8.710311885361056,574,2650.0,4.616724738675958,1.2006815600151457,0.7212543554006968,7.699400645458737,long_only_cum_volume_rel_ge_0.967157,signal_cum_volume_rel,0.967157,long,-0.015139592177459527,-0.06611108221956385
1234,1445,7100.0,1234,7015.0,5.684764991896272,1.2110409145607701,0.7244732576985413,10.341463414634147,920,5375.0,5.842391304347826,1.2145280383157055,0.725,10.341463414634147,314,1640.0,5.222929936305732,1.2003665241295052,0.7229299363057324,7.068887888338586,all_cum_volume_rel_ge_0.969358,signal_cum_volume_rel,0.969358,all,-0.015454628063100051,0.5400941154102101
2386,293,1915.0,2386,12200.0,5.113160100586756,1.2064647148417669,0.7225481978206203,9.335981838819524,1675,9000.0,5.373134328358209,1.208792483470595,0.7223880597014926,9.335981838819524,711,3200.0,4.50070323488045,1.2001876759461996,0.7229254571026723,8.1008100810081,long_only_cum_volume_rel_ge_0.824804,signal_cum_volume_rel,0.824804,long,-0.015633476246405653,-0.1821325860150722
1837,842,2640.0,1837,11475.0,6.246597713663582,1.261300239098258,0.7278170930865542,5.857230018303844,1269,8970.0,7.06855791962175,1.286764705882353,0.7328605200945626,5.857230018303844,568,2505.0,4.410211267605634,1.1982588049070044,0.7165492957746479,6.837606837606838,long_only_trend_efficiency_ge_0.5,signal_dir_trend_efficiency_15,0.5,long,-0.0175623472856008,-0.2726245532898881
2114,565,3150.0,2114,10965.0,5.186849574266793,1.206652845834904,0.7218543046357616,8.85432246485193,1514,8280.0,5.4689564068692205,1.209620253164557,0.7219286657859973,8.85432246485193,600,2685.0,4.475,1.198008849557522,0.7216666666666667,9.94044892349977,all_open_impulse_ge_12.5,signal_open_impulse,12.5,all,-0.017812302635083155,-0.20783582089552244
2398,281,2235.0,2398,11880.0,4.954128440366972,1.1985128247973933,0.719349457881568,9.077933200114188,1686,8805.0,5.222419928825623,1.2012571428571428,0.7200474495848161,9.077933200114188,712,3075.0,4.318820224719101,1.1910531220876048,0.7176966292134831,8.1374321880651,long_only_strength_score_ge_0.315639,strength_score,0.315639,long,-0.024768030105000394,-0.3640155961764213
2090,589,4200.0,2090,9915.0,4.744019138755981,1.1847056631892698,0.7205741626794259,9.949622166246852,1472,7175.0,4.874320652173913,1.1832694763729246,0.7207880434782609,9.949622166246852,618,2740.0,4.433656957928803,1.188575361321404,0.7200647249190939,8.1374321880651,all_cum_volume_rel_ge_0.827677,signal_cum_volume_rel,0.827677,all,-0.02724579087120116,-0.2491788629667191
878,1801,8740.0,878,5375.0,6.121867881548975,1.2216951948855435,0.7289293849658315,6.655629139072848,659,4305.0,6.532625189681335,1.232451403887689,0.7314112291350531,6.389651117208937,219,1070.0,4.885844748858448,1.1868995633187773,0.7214611872146118,9.309865678554887,all_open_impulse_ge_33,signal_open_impulse,33.0,all,-0.028921588873827897,0.2030089279629257
1265,1414,6315.0,1265,7800.0,6.16600790513834,1.2266782911944203,0.7256916996047431,5.786307648238327,937,6245.0,6.664887940234792,1.24125941665057,0.727854855923159,5.70902394106814,328,1555.0,4.740853658536586,1.1824046920821114,0.7195121951219512,9.009812667261375,all_strength_score_ge_0.504248,strength_score,0.504248,all,-0.03341646011049382,0.05801783764106361
832,1847,9345.0,832,4770.0,5.733173076923077,1.202547770700637,0.7235576923076923,11.160714285714286,644,3815.0,5.923913043478261,1.2111234089651355,0.7236024844720497,11.160714285714286,188,955.0,5.079787234042553,1.1742700729927007,0.723404255319149,6.457399103139013,all_cum_volume_rel_ge_1.0436,signal_cum_volume_rel,1.043595,all,-0.04155107919990453,0.39695141314703086
1685,994,5860.0,1685,8255.0,4.899109792284866,1.187039764359352,0.7181008902077152,8.114175753688261,1225,6370.0,5.2,1.1922438509129318,0.7183673469387755,8.114175753688261,460,1885.0,4.0978260869565215,1.1713636363636364,0.717391304347826,11.952554744525548,all_open_impulse_ge_19,signal_open_impulse,19.0,all,-0.04445751582896884,-0.5850097339390006
1302,1377,7100.0,1302,7015.0,5.3878648233486945,1.1993180849552494,0.7235023041474654,8.487982963188317,956,5555.0,5.810669456066946,1.2092278719397362,0.7238493723849372,7.028317980211532,346,1460.0,4.219653179190751,1.1688837478311163,0.7225433526011561,12.821691176470587,all_open_impulse_ge_25,signal_open_impulse,25.0,all,-0.046937404361488966,-0.46318264170477086
1633,1046,5210.0,1633,8905.0,5.453153704837722,1.208133691714386,0.7244335578689528,7.522536524712466,1196,7145.0,5.974080267558528,1.2255366161616161,0.7282608695652174,7.522536524712466,437,1760.0,4.02745995423341,1.1584871679423683,0.7139588100686499,8.658536585365853,all_cum_volume_rel_ge_0.909764,signal_cum_volume_rel,0.909764,all,-0.05733398425023695,-0.6553758666621121
2161,518,2555.0,2161,11560.0,5.349375289217955,1.213935412232812,0.7223507635354003,8.412787436904095,1536,9295.0,6.051432291666667,1.2362434871012835,0.7259114583333334,8.412787436904095,625,2265.0,3.624,1.1541865214431586,0.7136,8.914549653579677,long_only_cum_volume_rel_ge_0.906626,signal_cum_volume_rel,0.906626,long,-0.06163463074944664,-1.058835820895522
855,1824,7780.0,855,6335.0,7.409356725146199,1.2667368421052632,0.7345029239766082,5.958291956305859,656,5555.0,8.46798780487805,1.3073305670816044,0.7378048780487805,5.958291956305859,199,780.0,3.919597989949749,1.137444933920705,0.7236180904522613,7.419064748201438,all_strength_score_ge_0.591442,strength_score,0.591442,all,-0.07837621827190033,-0.7632378309457732
1332,1347,6280.0,1332,7835.0,5.882132132132132,1.2321825455623054,0.7267267267267268,7.197875166002656,938,6525.0,6.956289978678038,1.2711970074812968,0.7345415778251599,6.553398058252427,394,1310.0,3.3248730964467006,1.1352607124419205,0.7081218274111675,11.016260162601627,all_range_vs_filter_ge_2.07498,signal_range_vs_filter,2.074976,all,-0.08056043975068472,-1.3579627244488215
1732,947,5630.0,1732,8485.0,4.898960739030023,1.1918164349497005,0.7199769053117783,8.391364902506963,1219,6920.0,5.676784249384742,1.2172002510985562,0.7260049220672683,8.391364902506963,513,1565.0,3.050682261208577,1.1264646464646464,0.7056530214424951,10.470779220779221,all_range_vs_filter_ge_1.80818,signal_range_vs_filter,1.808184,all,-0.08935650572795883,-1.632153559686945
933,1746,9645.0,933,4470.0,4.790996784565916,1.1793020457280385,0.7202572347266881,6.245869134170523,656,3825.0,5.8307926829268295,1.216898213779416,0.725609756097561,6.0676779463243875,277,645.0,2.3285198555956677,1.0884167237834133,0.7075812274368231,8.359133126934983,all_range_vs_filter_ge_2.40306,signal_range_vs_filter,2.403056,all,-0.12740442840919197,-2.3543159652998544
