session_date,trades,pnl_brl,cumulative_pnl_brl,equity_brl
2021-04-01,1,55.0,55.0,10055.0
2021-04-05,3,-60.0,-5.0,9995.0
2021-04-06,1,35.0,30.0,10030.0
2021-04-07,2,110.0,140.0,10140.0
2021-04-08,5,240.0,380.0,10380.0
2021-04-09,2,90.0,470.0,10470.0
2021-04-12,1,45.0,515.0,10515.0
2021-04-13,1,60.0,575.0,10575.0
2021-04-16,2,90.0,665.0,10665.0
2021-04-19,2,-80.0,585.0,10585.0
2021-04-20,2,80.0,665.0,10665.0
2021-04-22,1,45.0,710.0,10710.0
2021-04-23,3,155.0,865.0,10865.0
2021-04-26,2,75.0,940.0,10940.0
2021-04-27,3,-200.0,740.0,10740.0
2021-04-29,1,45.0,785.0,10785.0
2021-04-30,1,45.0,830.0,10830.0
2021-05-03,2,90.0,920.0,10920.0
2021-05-04,5,25.0,945.0,10945.0
2021-05-06,3,135.0,1080.0,11080.0
2021-05-07,2,80.0,1160.0,11160.0
2021-05-10,2,-80.0,1080.0,11080.0
2021-05-11,2,80.0,1160.0,11160.0
2021-05-12,1,50.0,1210.0,11210.0
2021-05-13,1,45.0,1255.0,11255.0
2021-05-14,4,180.0,1435.0,11435.0
2021-05-17,3,-15.0,1420.0,11420.0
2021-05-18,2,-90.0,1330.0,11330.0
2021-05-19,1,35.0,1365.0,11365.0
2021-05-20,2,90.0,1455.0,11455.0
2021-05-21,3,85.0,1540.0,11540.0
2021-05-24,1,25.0,1565.0,11565.0
2021-05-25,2,50.0,1615.0,11615.0
2021-05-26,1,30.0,1645.0,11645.0
2021-05-27,1,25.0,1670.0,11670.0
2021-05-28,5,150.0,1820.0,11820.0
2021-05-31,3,-150.0,1670.0,11670.0
2021-06-01,1,30.0,1700.0,11700.0
2021-06-02,1,25.0,1725.0,11725.0
2021-06-04,1,35.0,1760.0,11760.0
2021-06-07,2,-195.0,1565.0,11565.0
2021-06-08,3,-35.0,1530.0,11530.0
2021-06-09,1,-75.0,1455.0,11455.0
2021-06-10,2,85.0,1540.0,11540.0
2021-06-11,1,40.0,1580.0,11580.0
2021-06-14,2,40.0,1620.0,11620.0
2021-06-15,1,30.0,1650.0,11650.0
2021-06-17,3,135.0,1785.0,11785.0
2021-06-18,4,-5.0,1780.0,11780.0
2021-06-21,2,70.0,1850.0,11850.0
2021-06-22,1,35.0,1885.0,11885.0
2021-06-23,2,80.0,1965.0,11965.0
2021-06-25,1,35.0,2000.0,12000.0
2021-06-28,2,-85.0,1915.0,11915.0
2021-06-29,2,60.0,1975.0,11975.0
2021-06-30,2,85.0,2060.0,12060.0
2021-07-01,2,65.0,2125.0,12125.0
2021-07-02,2,-70.0,2055.0,12055.0
2021-07-05,4,115.0,2170.0,12170.0
2021-07-07,2,90.0,2260.0,12260.0
2021-07-08,5,55.0,2315.0,12315.0
2021-07-12,2,70.0,2385.0,12385.0
2021-07-13,3,130.0,2515.0,12515.0
2021-07-15,3,150.0,2665.0,12665.0
2021-07-16,2,-70.0,2595.0,12595.0
2021-07-19,1,60.0,2655.0,12655.0
2021-07-20,3,-20.0,2635.0,12635.0
2021-07-21,2,-80.0,2555.0,12555.0
2021-07-22,3,-35.0,2520.0,12520.0
2021-07-23,2,-75.0,2445.0,12445.0
2021-07-26,1,35.0,2480.0,12480.0
2021-07-27,2,65.0,2545.0,12545.0
2021-07-29,2,-70.0,2475.0,12475.0
2021-08-02,2,90.0,2565.0,12565.0
2021-08-03,1,60.0,2625.0,12625.0
2021-08-04,2,115.0,2740.0,12740.0
2021-08-05,1,45.0,2785.0,12785.0
2021-08-06,1,-175.0,2610.0,12610.0
2021-08-09,1,50.0,2660.0,12660.0
2021-08-10,4,190.0,2850.0,12850.0
2021-08-11,1,45.0,2895.0,12895.0
2021-08-12,4,145.0,3040.0,13040.0
2021-08-13,3,-35.0,3005.0,13005.0
2021-08-16,2,90.0,3095.0,13095.0
2021-08-17,4,30.0,3125.0,13125.0
2021-08-18,2,100.0,3225.0,13225.0
2021-08-19,3,-70.0,3155.0,13155.0
2021-08-20,2,95.0,3250.0,13250.0
2021-08-23,2,-90.0,3160.0,13160.0
2021-08-25,1,35.0,3195.0,13195.0
2021-08-26,1,30.0,3225.0,13225.0
2021-08-27,4,5.0,3230.0,13230.0
2021-08-30,2,60.0,3290.0,13290.0
2021-08-31,3,95.0,3385.0,13385.0
2021-09-01,2,-80.0,3305.0,13305.0
2021-09-02,3,110.0,3415.0,13415.0
2021-09-03,2,95.0,3510.0,13510.0
2021-09-06,1,25.0,3535.0,13535.0
2021-09-08,2,75.0,3610.0,13610.0
2021-09-09,3,150.0,3760.0,13760.0
2021-09-10,2,160.0,3920.0,13920.0
2021-09-13,1,-140.0,3780.0,13780.0
2021-09-14,1,-95.0,3685.0,13685.0
2021-09-15,2,75.0,3760.0,13760.0
2021-09-16,2,75.0,3835.0,13835.0
2021-09-17,1,35.0,3870.0,13870.0
2021-09-20,3,-45.0,3825.0,13825.0
2021-09-21,1,-140.0,3685.0,13685.0
2021-09-22,1,35.0,3720.0,13720.0
2021-09-23,2,-75.0,3645.0,13645.0
2021-09-24,2,55.0,3700.0,13700.0
2021-09-27,2,65.0,3765.0,13765.0
2021-09-28,3,-25.0,3740.0,13740.0
2021-09-29,1,-95.0,3645.0,13645.0
2021-09-30,2,-100.0,3545.0,13545.0
2021-10-01,4,155.0,3700.0,13700.0
2021-10-04,2,70.0,3770.0,13770.0
2021-10-05,4,5.0,3775.0,13775.0
2021-10-06,2,-90.0,3685.0,13685.0
2021-10-07,1,35.0,3720.0,13720.0
2021-10-08,2,-70.0,3650.0,13650.0
2021-10-11,3,-25.0,3625.0,13625.0
2021-10-13,2,75.0,3700.0,13700.0
2021-10-14,4,10.0,3710.0,13710.0
2021-10-15,1,30.0,3740.0,13740.0
2021-10-18,1,30.0,3770.0,13770.0
2021-10-19,2,-90.0,3680.0,13680.0
2021-10-21,1,55.0,3735.0,13735.0
2021-10-22,4,30.0,3765.0,13765.0
2021-10-25,3,135.0,3900.0,13900.0
2021-10-26,4,-145.0,3755.0,13755.0
2021-10-27,1,45.0,3800.0,13800.0
2021-10-28,1,45.0,3845.0,13845.0
2021-10-29,5,-110.0,3735.0,13735.0
2021-11-01,1,35.0,3770.0,13770.0
2021-11-03,2,-50.0,3720.0,13720.0
2021-11-04,2,-95.0,3625.0,13625.0
2021-11-05,1,-120.0,3505.0,13505.0
2021-11-08,1,35.0,3540.0,13540.0
2021-11-09,3,-45.0,3495.0,13495.0
2021-11-11,1,30.0,3525.0,13525.0
2021-11-12,1,35.0,3560.0,13560.0
2021-11-16,3,110.0,3670.0,13670.0
2021-11-17,2,70.0,3740.0,13740.0
2021-11-18,4,-5.0,3735.0,13735.0
2021-11-19,2,55.0,3790.0,13790.0
2021-11-22,2,55.0,3845.0,13845.0
2021-11-23,1,35.0,3880.0,13880.0
2021-11-24,1,45.0,3925.0,13925.0
2021-11-25,4,5.0,3930.0,13930.0
2021-11-26,3,120.0,4050.0,14050.0
2021-11-29,4,15.0,4065.0,14065.0
2021-11-30,3,-60.0,4005.0,14005.0
2021-12-01,1,35.0,4040.0,14040.0
2021-12-02,1,-120.0,3920.0,13920.0
2021-12-03,4,-30.0,3890.0,13890.0
2021-12-06,1,40.0,3930.0,13930.0
2021-12-07,1,30.0,3960.0,13960.0
2021-12-09,2,60.0,4020.0,14020.0
2021-12-10,3,-50.0,3970.0,13970.0
2021-12-13,4,-160.0,3810.0,13810.0
2021-12-14,1,-105.0,3705.0,13705.0
2021-12-15,2,85.0,3790.0,13790.0
2021-12-16,1,50.0,3840.0,13840.0
2021-12-17,3,105.0,3945.0,13945.0
2021-12-20,5,145.0,4090.0,14090.0
2021-12-21,1,30.0,4120.0,14120.0
2021-12-23,1,-95.0,4025.0,14025.0
2021-12-27,2,80.0,4105.0,14105.0
2021-12-28,1,-60.0,4045.0,14045.0
2021-12-29,2,50.0,4095.0,14095.0
2021-12-30,1,40.0,4135.0,14135.0
2022-01-03,1,40.0,4175.0,14175.0
2022-01-04,2,-105.0,4070.0,14070.0
2022-01-06,1,-130.0,3940.0,13940.0
2022-01-07,1,35.0,3975.0,13975.0
2022-01-10,2,50.0,4025.0,14025.0
2022-01-11,1,25.0,4050.0,14050.0
2022-01-13,2,70.0,4120.0,14120.0
2022-01-14,2,-45.0,4075.0,14075.0
2022-01-17,1,25.0,4100.0,14100.0
2022-01-18,3,-35.0,4065.0,14065.0
2022-01-20,2,-65.0,4000.0,14000.0
2022-01-21,2,-80.0,3920.0,13920.0
2022-01-24,3,105.0,4025.0,14025.0
2022-01-25,3,90.0,4115.0,14115.0
2022-01-26,2,-75.0,4040.0,14040.0
2022-01-27,1,50.0,4090.0,14090.0
2022-01-28,2,60.0,4150.0,14150.0
2022-01-31,1,35.0,4185.0,14185.0
2022-02-01,1,-90.0,4095.0,14095.0
2022-02-02,3,85.0,4180.0,14180.0
2022-02-03,3,95.0,4275.0,14275.0
2022-02-04,3,-180.0,4095.0,14095.0
2022-02-07,1,-80.0,4015.0,14015.0
2022-02-08,1,30.0,4045.0,14045.0
2022-02-09,2,65.0,4110.0,14110.0
2022-02-10,5,15.0,4125.0,14125.0
2022-02-11,1,-135.0,3990.0,13990.0
2022-02-14,1,70.0,4060.0,14060.0
2022-02-15,2,-75.0,3985.0,13985.0
2022-02-17,1,35.0,4020.0,14020.0
2022-02-18,4,100.0,4120.0,14120.0
2022-02-21,1,35.0,4155.0,14155.0
2022-02-22,2,55.0,4210.0,14210.0
2022-02-24,2,100.0,4310.0,14310.0
2022-02-25,2,145.0,4455.0,14455.0
2022-03-03,1,40.0,4495.0,14495.0
2022-03-04,4,15.0,4510.0,14510.0
2022-03-07,1,30.0,4540.0,14540.0
2022-03-08,2,85.0,4625.0,14625.0
2022-03-10,3,-25.0,4600.0,14600.0
2022-03-11,1,25.0,4625.0,14625.0
2022-03-14,2,65.0,4690.0,14690.0
2022-03-15,1,40.0,4730.0,14730.0
2022-03-17,1,-140.0,4590.0,14590.0
2022-03-18,2,65.0,4655.0,14655.0
2022-03-21,1,-115.0,4540.0,14540.0
2022-03-22,2,65.0,4605.0,14605.0
2022-03-24,3,105.0,4710.0,14710.0
2022-03-25,3,140.0,4850.0,14850.0
2022-03-28,1,40.0,4890.0,14890.0
2022-03-29,2,-100.0,4790.0,14790.0
2022-03-30,1,40.0,4830.0,14830.0
2022-03-31,2,90.0,4920.0,14920.0
2022-04-04,1,30.0,4950.0,14950.0
2022-04-05,2,85.0,5035.0,15035.0
2022-04-06,2,70.0,5105.0,15105.0
2022-04-07,3,140.0,5245.0,15245.0
2022-04-08,2,-85.0,5160.0,15160.0
2022-04-12,1,30.0,5190.0,15190.0
2022-04-13,2,-60.0,5130.0,15130.0
2022-04-14,1,30.0,5160.0,15160.0
2022-04-18,1,-95.0,5065.0,15065.0
2022-04-19,3,-35.0,5030.0,15030.0
2022-04-25,4,-240.0,4790.0,14790.0
2022-04-26,1,60.0,4850.0,14850.0
2022-04-28,2,-85.0,4765.0,14765.0
2022-04-29,2,-70.0,4695.0,14695.0
2022-05-02,2,105.0,4800.0,14800.0
2022-05-03,4,200.0,5000.0,15000.0
2022-05-04,2,90.0,5090.0,15090.0
2022-05-05,1,60.0,5150.0,15150.0
2022-05-06,1,50.0,5200.0,15200.0
2022-05-09,1,60.0,5260.0,15260.0
2022-05-10,2,80.0,5340.0,15340.0
2022-05-11,1,-130.0,5210.0,15210.0
2022-05-12,2,-80.0,5130.0,15130.0
2022-05-13,4,180.0,5310.0,15310.0
2022-05-16,4,-5.0,5305.0,15305.0
2022-05-17,1,45.0,5350.0,15350.0
2022-05-18,3,125.0,5475.0,15475.0
2022-05-19,6,60.0,5535.0,15535.0
2022-05-20,5,200.0,5735.0,15735.0
2022-05-23,2,75.0,5810.0,15810.0
2022-05-24,3,-25.0,5785.0,15785.0
2022-05-26,2,-90.0,5695.0,15695.0
2022-05-27,2,-90.0,5605.0,15605.0
2022-05-30,1,35.0,5640.0,15640.0
2022-05-31,1,60.0,5700.0,15700.0
2022-06-01,1,35.0,5735.0,15735.0
2022-06-02,1,-115.0,5620.0,15620.0
2022-06-03,4,135.0,5755.0,15755.0
2022-06-06,2,65.0,5820.0,15820.0
2022-06-07,1,60.0,5880.0,15880.0
2022-06-09,2,70.0,5950.0,15950.0
2022-06-13,2,95.0,6045.0,16045.0
2022-06-14,3,-35.0,6010.0,16010.0
2022-06-15,2,80.0,6090.0,16090.0
2022-06-20,2,75.0,6165.0,16165.0
2022-06-21,3,95.0,6260.0,16260.0
2022-06-22,1,45.0,6305.0,16305.0
2022-06-23,2,75.0,6380.0,16380.0
2022-06-24,2,-70.0,6310.0,16310.0
2022-06-27,2,80.0,6390.0,16390.0
2022-06-28,2,75.0,6465.0,16465.0
2022-06-30,1,45.0,6510.0,16510.0
2022-07-01,2,85.0,6595.0,16595.0
2022-07-04,1,35.0,6630.0,16630.0
2022-07-05,1,30.0,6660.0,16660.0
2022-07-06,2,-225.0,6435.0,16435.0
2022-07-07,2,70.0,6505.0,16505.0
2022-07-08,2,-85.0,6420.0,16420.0
2022-07-11,1,40.0,6460.0,16460.0
2022-07-12,1,35.0,6495.0,16495.0
2022-07-14,4,-15.0,6480.0,16480.0
2022-07-15,4,-340.0,6140.0,16140.0
2022-07-18,4,120.0,6260.0,16260.0
2022-07-19,3,105.0,6365.0,16365.0
2022-07-21,1,45.0,6410.0,16410.0
2022-07-22,4,120.0,6530.0,16530.0
2022-07-25,2,50.0,6580.0,16580.0
2022-07-26,1,50.0,6630.0,16630.0
2022-07-28,1,-150.0,6480.0,16480.0
2022-07-29,3,170.0,6650.0,16650.0
2022-08-01,2,145.0,6795.0,16795.0
2022-08-02,4,160.0,6955.0,16955.0
2022-08-03,2,65.0,7020.0,17020.0
2022-08-04,2,55.0,7075.0,17075.0
2022-08-05,1,50.0,7125.0,17125.0
2022-08-08,1,-95.0,7030.0,17030.0
2022-08-09,2,60.0,7090.0,17090.0
2022-08-11,2,90.0,7180.0,17180.0
2022-08-12,1,35.0,7215.0,17215.0
2022-08-15,3,110.0,7325.0,17325.0
2022-08-16,2,75.0,7400.0,17400.0
2022-08-18,1,45.0,7445.0,17445.0
2022-08-19,1,45.0,7490.0,17490.0
2022-08-22,4,5.0,7495.0,17495.0
2022-08-23,3,115.0,7610.0,17610.0
2022-08-25,1,30.0,7640.0,17640.0
2022-08-26,2,65.0,7705.0,17705.0
2022-08-29,2,70.0,7775.0,17775.0
2022-08-30,1,40.0,7815.0,17815.0
2022-08-31,2,-300.0,7515.0,17515.0
2022-09-01,2,105.0,7620.0,17620.0
2022-09-02,1,-155.0,7465.0,17465.0
2022-09-05,2,-80.0,7385.0,17385.0
2022-09-06,1,30.0,7415.0,17415.0
2022-09-08,2,80.0,7495.0,17495.0
2022-09-09,4,0.0,7495.0,17495.0
2022-09-12,1,30.0,7525.0,17525.0
2022-09-13,1,-140.0,7385.0,17385.0
2022-09-14,1,35.0,7420.0,17420.0
2022-09-15,3,-10.0,7410.0,17410.0
2022-09-16,2,-60.0,7350.0,17350.0
2022-09-19,3,95.0,7445.0,17445.0
2022-09-20,3,120.0,7565.0,17565.0
2022-09-21,1,45.0,7610.0,17610.0
2022-09-22,1,50.0,7660.0,17660.0
2022-09-23,1,45.0,7705.0,17705.0
2022-09-27,2,125.0,7830.0,17830.0
2022-09-29,2,-70.0,7760.0,17760.0
2022-09-30,2,-130.0,7630.0,17630.0
2022-10-03,1,75.0,7705.0,17705.0
2022-10-04,1,45.0,7750.0,17750.0
2022-10-05,1,60.0,7810.0,17810.0
2022-10-06,2,-285.0,7525.0,17525.0
2022-10-07,1,50.0,7575.0,17575.0
2022-10-10,1,45.0,7620.0,17620.0
2022-10-11,1,35.0,7655.0,17655.0
2022-10-14,1,-140.0,7515.0,17515.0
2022-10-17,2,-85.0,7430.0,17430.0
2022-10-18,3,-15.0,7415.0,17415.0
2022-10-20,3,125.0,7540.0,17540.0
2022-10-21,3,-220.0,7320.0,17320.0
2022-10-24,1,60.0,7380.0,17380.0
2022-10-25,1,45.0,7425.0,17425.0
2022-10-26,2,-60.0,7365.0,17365.0
2022-10-28,2,125.0,7490.0,17490.0
2022-10-31,2,155.0,7645.0,17645.0
2022-11-01,2,140.0,7785.0,17785.0
2022-11-04,3,160.0,7945.0,17945.0
2022-11-07,2,110.0,8055.0,18055.0
2022-11-08,1,50.0,8105.0,18105.0
2022-11-10,1,105.0,8210.0,18210.0
2022-11-11,2,-185.0,8025.0,18025.0
2022-11-17,2,-105.0,7920.0,17920.0
2022-11-18,1,-195.0,7725.0,17725.0
2022-11-21,1,50.0,7775.0,17775.0
2022-11-22,2,-110.0,7665.0,17665.0
2022-11-23,2,95.0,7760.0,17760.0
2022-11-24,1,50.0,7810.0,17810.0
2022-11-25,3,135.0,7945.0,17945.0
2022-11-28,1,50.0,7995.0,17995.0
2022-11-29,1,40.0,8035.0,18035.0
2022-11-30,1,45.0,8080.0,18080.0
2022-12-01,2,80.0,8160.0,18160.0
2022-12-02,3,130.0,8290.0,18290.0
2022-12-05,2,80.0,8370.0,18370.0
2022-12-06,1,25.0,8395.0,18395.0
2022-12-08,4,-155.0,8240.0,18240.0
2022-12-09,3,125.0,8365.0,18365.0
2022-12-12,1,45.0,8410.0,18410.0
2022-12-13,2,95.0,8505.0,18505.0
2022-12-15,2,125.0,8630.0,18630.0
2022-12-16,3,95.0,8725.0,18725.0
2022-12-19,1,35.0,8760.0,18760.0
2022-12-20,1,-145.0,8615.0,18615.0
2022-12-21,1,50.0,8665.0,18665.0
2022-12-22,3,-25.0,8640.0,18640.0
2022-12-23,1,35.0,8675.0,18675.0
2022-12-27,1,35.0,8710.0,18710.0
2022-12-28,2,-60.0,8650.0,18650.0
2022-12-29,1,30.0,8680.0,18680.0
2023-01-02,1,60.0,8740.0,18740.0
2023-01-03,1,45.0,8785.0,18785.0
2023-01-04,1,45.0,8830.0,18830.0
2023-01-06,5,155.0,8985.0,18985.0
2023-01-09,2,-95.0,8890.0,18890.0
2023-01-10,1,-110.0,8780.0,18780.0
2023-01-12,2,95.0,8875.0,18875.0
2023-01-13,2,100.0,8975.0,18975.0
2023-01-17,4,125.0,9100.0,19100.0
2023-01-19,3,130.0,9230.0,19230.0
2023-01-20,1,-125.0,9105.0,19105.0
2023-01-23,3,100.0,9205.0,19205.0
2023-01-24,2,-60.0,9145.0,19145.0
2023-01-26,3,-170.0,8975.0,18975.0
2023-01-27,2,65.0,9040.0,19040.0
2023-01-30,3,70.0,9110.0,19110.0
2023-01-31,3,115.0,9225.0,19225.0
2023-02-01,2,60.0,9285.0,19285.0
2023-02-02,1,-165.0,9120.0,19120.0
2023-02-03,1,-10.0,9110.0,19110.0
2023-02-06,3,100.0,9210.0,19210.0
2023-02-07,3,-200.0,9010.0,19010.0
2023-02-08,4,-5.0,9005.0,19005.0
2023-02-09,2,-105.0,8900.0,18900.0
2023-02-10,1,40.0,8940.0,18940.0
2023-02-13,2,-75.0,8865.0,18865.0
2023-02-14,2,80.0,8945.0,18945.0
2023-02-15,2,100.0,9045.0,19045.0
2023-02-17,2,70.0,9115.0,19115.0
2023-02-22,1,-75.0,9040.0,19040.0
2023-02-23,2,-70.0,8970.0,18970.0
2023-02-24,2,65.0,9035.0,19035.0
2023-02-27,3,-180.0,8855.0,18855.0
2023-02-28,4,185.0,9040.0,19040.0
2023-03-01,1,-135.0,8905.0,18905.0
2023-03-02,1,30.0,8935.0,18935.0
2023-03-03,2,-70.0,8865.0,18865.0
2023-03-06,2,50.0,8915.0,18915.0
2023-03-07,2,60.0,8975.0,18975.0
2023-03-09,2,65.0,9040.0,19040.0
2023-03-10,1,40.0,9080.0,19080.0
2023-03-14,1,-115.0,8965.0,18965.0
2023-03-16,3,120.0,9085.0,19085.0
2023-03-17,2,65.0,9150.0,19150.0
2023-03-20,2,50.0,9200.0,19200.0
2023-03-21,1,20.0,9220.0,19220.0
2023-03-22,2,55.0,9275.0,19275.0
2023-03-23,1,45.0,9320.0,19320.0
2023-03-24,1,35.0,9355.0,19355.0
2023-03-27,1,-75.0,9280.0,19280.0
2023-03-28,1,25.0,9305.0,19305.0
2023-03-30,2,-250.0,9055.0,19055.0
2023-03-31,1,35.0,9090.0,19090.0
2023-04-03,2,60.0,9150.0,19150.0
2023-04-04,2,-35.0,9115.0,19115.0
2023-04-06,1,25.0,9140.0,19140.0
2023-04-10,1,25.0,9165.0,19165.0
2023-04-11,1,-80.0,9085.0,19085.0
2023-04-13,3,-60.0,9025.0,19025.0
2023-04-14,1,-105.0,8920.0,18920.0
2023-04-17,1,-70.0,8850.0,18850.0
2023-04-18,1,30.0,8880.0,18880.0
2023-04-19,2,-60.0,8820.0,18820.0
2023-04-20,3,80.0,8900.0,18900.0
2023-04-24,4,-15.0,8885.0,18885.0
2023-04-25,4,5.0,8890.0,18890.0
2023-04-27,4,115.0,9005.0,19005.0
2023-04-28,1,30.0,9035.0,19035.0
2023-05-02,1,30.0,9065.0,19065.0
2023-05-03,1,20.0,9085.0,19085.0
2023-05-04,2,90.0,9175.0,19175.0
2023-05-05,2,55.0,9230.0,19230.0
2023-05-08,2,60.0,9290.0,19290.0
2023-05-09,1,25.0,9315.0,19315.0
2023-05-11,1,25.0,9340.0,19340.0
2023-05-12,2,45.0,9385.0,19385.0
2023-05-15,2,40.0,9425.0,19425.0
2023-05-16,1,30.0,9455.0,19455.0
2023-05-18,2,-55.0,9400.0,19400.0
2023-05-19,1,25.0,9425.0,19425.0
2023-05-22,2,50.0,9475.0,19475.0
2023-05-23,3,-25.0,9450.0,19450.0
2023-05-25,1,25.0,9475.0,19475.0
2023-05-29,3,-25.0,9450.0,19450.0
2023-05-30,1,-75.0,9375.0,19375.0
2023-05-31,2,85.0,9460.0,19460.0
2023-06-01,2,-60.0,9400.0,19400.0
2023-06-02,3,80.0,9480.0,19480.0
2023-06-05,2,40.0,9520.0,19520.0
2023-06-06,1,25.0,9545.0,19545.0
2023-06-07,1,-80.0,9465.0,19465.0
2023-06-09,2,-75.0,9390.0,19390.0
2023-06-12,2,50.0,9440.0,19440.0
2023-06-13,2,-50.0,9390.0,19390.0
2023-06-15,4,165.0,9555.0,19555.0
2023-06-16,1,20.0,9575.0,19575.0
2023-06-20,3,75.0,9650.0,19650.0
2023-06-22,1,20.0,9670.0,19670.0
2023-06-23,4,-110.0,9560.0,19560.0
2023-06-26,1,15.0,9575.0,19575.0
2023-06-27,1,30.0,9605.0,19605.0
2023-06-29,1,40.0,9645.0,19645.0
2023-06-30,2,55.0,9700.0,19700.0
2023-07-06,1,40.0,9740.0,19740.0
2023-07-10,2,-50.0,9690.0,19690.0
2023-07-13,1,-85.0,9605.0,19605.0
2023-07-14,2,55.0,9660.0,19660.0
2023-07-17,1,25.0,9685.0,19685.0
2023-07-18,1,30.0,9715.0,19715.0
2023-07-20,5,-55.0,9660.0,19660.0
2023-07-21,1,25.0,9685.0,19685.0
2023-07-25,1,-60.0,9625.0,19625.0
2023-07-27,1,30.0,9655.0,19655.0
2023-07-28,2,65.0,9720.0,19720.0
2023-07-31,4,0.0,9720.0,19720.0
2023-08-01,2,45.0,9765.0,19765.0
2023-08-02,2,50.0,9815.0,19815.0
2023-08-03,2,60.0,9875.0,19875.0
2023-08-04,1,30.0,9905.0,19905.0
2023-08-07,1,25.0,9930.0,19930.0
2023-08-08,2,35.0,9965.0,19965.0
2023-08-09,1,25.0,9990.0,19990.0
2023-08-10,1,25.0,10015.0,20015.0
2023-08-11,1,35.0,10050.0,20050.0
2023-08-14,1,20.0,10070.0,20070.0
2023-08-15,2,-60.0,10010.0,20010.0
2023-08-16,1,20.0,10030.0,20030.0
2023-08-17,2,-185.0,9845.0,19845.0
2023-08-18,2,50.0,9895.0,19895.0
2023-08-21,2,45.0,9940.0,19940.0
2023-08-22,2,45.0,9985.0,19985.0
2023-08-24,2,50.0,10035.0,20035.0
2023-08-25,2,-65.0,9970.0,19970.0
2023-08-28,1,20.0,9990.0,19990.0
2023-08-29,3,-45.0,9945.0,19945.0
2023-08-30,4,90.0,10035.0,20035.0
2023-08-31,1,35.0,10070.0,20070.0
2023-09-01,2,-60.0,10010.0,20010.0
2023-09-04,1,15.0,10025.0,20025.0
2023-09-05,1,20.0,10045.0,20045.0
2023-09-08,3,-20.0,10025.0,20025.0
2023-09-11,2,35.0,10060.0,20060.0
2023-09-12,1,-55.0,10005.0,20005.0
2023-09-14,1,20.0,10025.0,20025.0
2023-09-15,1,-65.0,9960.0,19960.0
2023-09-18,1,-55.0,9905.0,19905.0
2023-09-19,2,-35.0,9870.0,19870.0
2023-09-22,2,-140.0,9730.0,19730.0
2023-09-25,3,60.0,9790.0,19790.0
2023-09-27,1,25.0,9815.0,19815.0
2023-09-28,2,75.0,9890.0,19890.0
2023-09-29,3,-145.0,9745.0,19745.0
2023-10-02,2,65.0,9810.0,19810.0
2023-10-03,2,-70.0,9740.0,19740.0
2023-10-04,2,75.0,9815.0,19815.0
2023-10-05,5,40.0,9855.0,19855.0
2023-10-06,1,40.0,9895.0,19895.0
2023-10-11,2,70.0,9965.0,19965.0
2023-10-13,2,50.0,10015.0,20015.0
2023-10-16,2,45.0,10060.0,20060.0
2023-10-17,1,25.0,10085.0,20085.0
2023-10-18,2,55.0,10140.0,20140.0
2023-10-19,1,20.0,10160.0,20160.0
2023-10-20,1,25.0,10185.0,20185.0
2023-10-23,2,40.0,10225.0,20225.0
2023-10-24,3,65.0,10290.0,20290.0
2023-10-25,1,25.0,10315.0,20315.0
2023-10-26,1,-70.0,10245.0,20245.0
2023-10-27,1,20.0,10265.0,20265.0
2023-10-30,2,-75.0,10190.0,20190.0
2023-10-31,1,35.0,10225.0,20225.0
2023-11-06,1,20.0,10245.0,20245.0
2023-11-07,1,15.0,10260.0,20260.0
2023-11-09,3,-110.0,10150.0,20150.0
2023-11-10,1,25.0,10175.0,20175.0
2023-11-13,1,-55.0,10120.0,20120.0
2023-11-14,2,25.0,10145.0,20145.0
2023-11-16,3,-140.0,10005.0,20005.0
2023-11-17,2,55.0,10060.0,20060.0
2023-11-21,1,20.0,10080.0,20080.0
2023-11-24,2,35.0,10115.0,20115.0
2023-11-27,3,50.0,10165.0,20165.0
2023-11-28,1,25.0,10190.0,20190.0
2023-11-29,2,-95.0,10095.0,20095.0
2023-11-30,2,-185.0,9910.0,19910.0
2023-12-01,2,-35.0,9875.0,19875.0
2023-12-04,1,20.0,9895.0,19895.0
2023-12-05,1,25.0,9920.0,19920.0
2023-12-07,2,40.0,9960.0,19960.0
2023-12-08,1,15.0,9975.0,19975.0
2023-12-11,1,-55.0,9920.0,19920.0
2023-12-12,3,75.0,9995.0,19995.0
2023-12-13,1,20.0,10015.0,20015.0
2023-12-14,2,-70.0,9945.0,19945.0
2023-12-15,1,20.0,9965.0,19965.0
2023-12-18,2,-35.0,9930.0,19930.0
2023-12-19,3,60.0,9990.0,19990.0
2023-12-20,3,60.0,10050.0,20050.0
2023-12-21,3,-45.0,10005.0,20005.0
2023-12-22,4,60.0,10065.0,20065.0
2023-12-26,4,55.0,10120.0,20120.0
2023-12-27,1,-60.0,10060.0,20060.0
2023-12-28,1,-70.0,9990.0,19990.0
2024-01-02,1,30.0,10020.0,20020.0
2024-01-04,2,50.0,10070.0,20070.0
2024-01-05,1,-60.0,10010.0,20010.0
2024-01-08,1,15.0,10025.0,20025.0
2024-01-09,4,10.0,10035.0,20035.0
2024-01-11,4,-105.0,9930.0,19930.0
2024-01-12,4,50.0,9980.0,19980.0
2024-01-15,1,15.0,9995.0,19995.0
2024-01-16,4,30.0,10025.0,20025.0
2024-01-18,4,-10.0,10015.0,20015.0
2024-01-19,4,70.0,10085.0,20085.0
2024-01-22,1,25.0,10110.0,20110.0
2024-01-23,1,20.0,10130.0,20130.0
2024-01-25,2,40.0,10170.0,20170.0
2024-01-26,2,35.0,10205.0,20205.0
2024-01-29,3,45.0,10250.0,20250.0
2024-01-30,2,-35.0,10215.0,20215.0
2024-01-31,1,-55.0,10160.0,20160.0
2024-02-01,1,30.0,10190.0,20190.0
2024-02-02,2,50.0,10240.0,20240.0
2024-02-05,1,20.0,10260.0,20260.0
2024-02-06,4,-75.0,10185.0,20185.0
2024-02-08,3,-85.0,10100.0,20100.0
2024-02-09,2,-45.0,10055.0,20055.0
2024-02-14,1,-50.0,10005.0,20005.0
2024-02-15,3,-50.0,9955.0,19955.0
2024-02-16,4,-55.0,9900.0,19900.0
2024-02-19,1,-40.0,9860.0,19860.0
2024-02-20,2,15.0,9875.0,19875.0
2024-02-21,1,15.0,9890.0,19890.0
2024-02-22,1,20.0,9910.0,19910.0
2024-02-23,4,20.0,9930.0,19930.0
2024-02-26,3,-15.0,9915.0,19915.0
2024-02-27,1,10.0,9925.0,19925.0
2024-02-28,3,45.0,9970.0,19970.0
2024-02-29,1,25.0,9995.0,19995.0
2024-03-01,4,0.0,9995.0,19995.0
2024-03-04,3,-20.0,9975.0,19975.0
2024-03-05,5,-60.0,9915.0,19915.0
2024-03-08,2,-35.0,9880.0,19880.0
2024-03-11,1,10.0,9890.0,19890.0
2024-03-12,1,20.0,9910.0,19910.0
2024-03-13,1,15.0,9925.0,19925.0
2024-03-14,4,65.0,9990.0,19990.0
2024-03-15,1,-40.0,9950.0,19950.0
2024-03-18,2,35.0,9985.0,19985.0
2024-03-19,4,55.0,10040.0,20040.0
2024-03-21,2,50.0,10090.0,20090.0
2024-03-22,1,15.0,10105.0,20105.0
2024-03-25,4,55.0,10160.0,20160.0
2024-03-26,1,15.0,10175.0,20175.0
2024-03-27,1,15.0,10190.0,20190.0
2024-03-28,4,70.0,10260.0,20260.0
2024-04-02,2,-45.0,10215.0,20215.0
2024-04-03,1,-55.0,10160.0,20160.0
2024-04-04,2,-60.0,10100.0,20100.0
2024-04-05,1,30.0,10130.0,20130.0
2024-04-08,1,15.0,10145.0,20145.0
2024-04-09,2,20.0,10165.0,20165.0
2024-04-12,2,-115.0,10050.0,20050.0
2024-04-16,1,40.0,10090.0,20090.0
2024-04-18,1,30.0,10120.0,20120.0
2024-04-19,1,20.0,10140.0,20140.0
2024-04-22,4,95.0,10235.0,20235.0
2024-04-23,4,65.0,10300.0,20300.0
2024-04-24,1,20.0,10320.0,20320.0
2024-04-25,1,30.0,10350.0,20350.0
2024-04-26,2,35.0,10385.0,20385.0
2024-04-29,1,25.0,10410.0,20410.0
2024-04-30,1,25.0,10435.0,20435.0
2024-05-07,2,-50.0,10385.0,20385.0
2024-05-09,1,-85.0,10300.0,20300.0
2024-05-10,1,-60.0,10240.0,20240.0
2024-05-13,4,-15.0,10225.0,20225.0
2024-05-17,2,25.0,10250.0,20250.0
2024-05-20,1,15.0,10265.0,20265.0
2024-05-21,4,10.0,10275.0,20275.0
2024-05-22,4,-5.0,10270.0,20270.0
2024-05-23,2,35.0,10305.0,20305.0
2024-05-24,1,15.0,10320.0,20320.0
2024-05-27,2,35.0,10355.0,20355.0
2024-05-28,1,10.0,10365.0,20365.0
2024-05-29,1,20.0,10385.0,20385.0
2024-05-31,3,75.0,10460.0,20460.0
2024-06-03,4,-80.0,10380.0,20380.0
2024-06-04,6,-30.0,10350.0,20350.0
2024-06-05,3,-95.0,10255.0,20255.0
2024-06-06,2,45.0,10300.0,20300.0
2024-06-10,1,45.0,10345.0,20345.0
2024-06-11,2,40.0,10385.0,20385.0
2024-06-12,3,135.0,10520.0,20520.0
2024-06-13,2,70.0,10590.0,20590.0
2024-06-17,1,-75.0,10515.0,20515.0
2024-06-18,2,55.0,10570.0,20570.0
2024-06-19,1,25.0,10595.0,20595.0
2024-06-20,2,75.0,10670.0,20670.0
2024-06-21,2,60.0,10730.0,20730.0
2024-06-24,1,-90.0,10640.0,20640.0
2024-06-25,4,100.0,10740.0,20740.0
2024-06-26,1,-75.0,10665.0,20665.0
2024-06-27,2,-70.0,10595.0,20595.0
2024-06-28,1,45.0,10640.0,20640.0
2024-07-01,1,25.0,10665.0,20665.0
2024-07-02,2,-210.0,10455.0,20455.0
2024-07-05,1,40.0,10495.0,20495.0
2024-07-08,1,-65.0,10430.0,20430.0
2024-07-09,2,35.0,10465.0,20465.0
2024-07-12,2,55.0,10520.0,20520.0
2024-07-15,1,25.0,10545.0,20545.0
2024-07-16,4,100.0,10645.0,20645.0
2024-07-17,2,55.0,10700.0,20700.0
2024-07-19,2,-65.0,10635.0,20635.0
2024-07-23,1,30.0,10665.0,20665.0
2024-07-24,1,25.0,10690.0,20690.0
2024-07-25,2,65.0,10755.0,20755.0
2024-07-26,1,35.0,10790.0,20790.0
2024-07-29,1,-80.0,10710.0,20710.0
2024-07-30,1,-65.0,10645.0,20645.0
2024-07-31,1,30.0,10675.0,20675.0
2024-08-01,1,-125.0,10550.0,20550.0
2024-08-02,1,-135.0,10415.0,20415.0
2024-08-05,1,60.0,10475.0,20475.0
2024-08-06,1,-125.0,10350.0,20350.0
2024-08-08,2,55.0,10405.0,20405.0
2024-08-09,1,35.0,10440.0,20440.0
2024-08-12,2,-50.0,10390.0,20390.0
2024-08-13,1,30.0,10420.0,20420.0
2024-08-14,1,40.0,10460.0,20460.0
2024-08-15,1,30.0,10490.0,20490.0
2024-08-16,2,-60.0,10430.0,20430.0
2024-08-19,3,70.0,10500.0,20500.0
2024-08-20,1,40.0,10540.0,20540.0
2024-08-22,1,35.0,10575.0,20575.0
2024-08-23,2,75.0,10650.0,20650.0
2024-08-26,2,-80.0,10570.0,20570.0
2024-08-27,1,-95.0,10475.0,20475.0
2024-08-28,1,35.0,10510.0,20510.0
2024-08-29,1,40.0,10550.0,20550.0
2024-08-30,1,50.0,10600.0,20600.0
2024-09-02,2,105.0,10705.0,20705.0
2024-09-03,2,-50.0,10655.0,20655.0
2024-09-05,1,25.0,10680.0,20680.0
2024-09-06,2,-70.0,10610.0,20610.0
2024-09-10,1,35.0,10645.0,20645.0
2024-09-11,2,90.0,10735.0,20735.0
2024-09-12,3,100.0,10835.0,20835.0
2024-09-13,2,55.0,10890.0,20890.0
2024-09-16,1,30.0,10920.0,20920.0
2024-09-17,1,-85.0,10835.0,20835.0
2024-09-19,1,-160.0,10675.0,20675.0
2024-09-23,2,75.0,10750.0,20750.0
2024-09-24,1,30.0,10780.0,20780.0
2024-09-25,1,-85.0,10695.0,20695.0
2024-09-26,1,30.0,10725.0,20725.0
2024-09-30,1,30.0,10755.0,20755.0
2024-10-02,3,95.0,10850.0,20850.0
2024-10-03,2,60.0,10910.0,20910.0
2024-10-04,1,30.0,10940.0,20940.0
2024-10-08,3,-10.0,10930.0,20930.0
2024-10-09,2,50.0,10980.0,20980.0
2024-10-10,1,25.0,11005.0,21005.0
2024-10-11,1,35.0,11040.0,21040.0
2024-10-14,1,25.0,11065.0,21065.0
2024-10-15,1,30.0,11095.0,21095.0
2024-10-17,2,-50.0,11045.0,21045.0
2024-10-18,2,50.0,11095.0,21095.0
2024-10-21,2,60.0,11155.0,21155.0
2024-10-22,1,-80.0,11075.0,21075.0
2024-10-23,1,25.0,11100.0,21100.0
2024-10-24,1,25.0,11125.0,21125.0
2024-10-25,3,80.0,11205.0,21205.0
2024-10-28,1,15.0,11220.0,21220.0
2024-10-29,3,90.0,11310.0,21310.0
2024-10-31,3,75.0,11385.0,21385.0
2024-11-01,1,30.0,11415.0,21415.0
2024-11-05,3,-30.0,11385.0,21385.0
2024-11-07,3,180.0,11565.0,21565.0
2024-11-08,2,85.0,11650.0,21650.0
2024-11-12,1,-95.0,11555.0,21555.0
2024-11-14,4,160.0,11715.0,21715.0
2024-11-18,2,70.0,11785.0,21785.0
2024-11-19,1,30.0,11815.0,21815.0
2024-11-21,1,-105.0,11710.0,21710.0
2024-11-22,1,30.0,11740.0,21740.0
2024-11-25,3,105.0,11845.0,21845.0
2024-11-27,3,135.0,11980.0,21980.0
2024-11-28,1,55.0,12035.0,22035.0
2024-11-29,2,130.0,12165.0,22165.0
2024-12-02,1,50.0,12215.0,22215.0
2024-12-03,2,95.0,12310.0,22310.0
2024-12-05,3,100.0,12410.0,22410.0
2024-12-06,3,-40.0,12370.0,22370.0
2024-12-09,2,-200.0,12170.0,22170.0
2024-12-12,1,80.0,12250.0,22250.0
2024-12-16,1,55.0,12305.0,22305.0
2024-12-17,2,-120.0,12185.0,22185.0
2024-12-18,1,55.0,12240.0,22240.0
2024-12-19,5,130.0,12370.0,22370.0
2024-12-20,1,75.0,12445.0,22445.0
2024-12-23,1,50.0,12495.0,22495.0
2024-12-26,1,45.0,12540.0,22540.0
2024-12-30,2,-140.0,12400.0,22400.0
2025-01-02,1,35.0,12435.0,22435.0
2025-01-03,1,35.0,12470.0,22470.0
2025-01-06,2,90.0,12560.0,22560.0
2025-01-07,3,105.0,12665.0,22665.0
2025-01-08,1,40.0,12705.0,22705.0
2025-01-09,3,95.0,12800.0,22800.0
2025-01-10,1,50.0,12850.0,22850.0
2025-01-14,3,90.0,12940.0,22940.0
2025-01-15,1,30.0,12970.0,22970.0
2025-01-16,2,85.0,13055.0,23055.0
2025-01-17,2,-65.0,12990.0,22990.0
2025-01-20,3,95.0,13085.0,23085.0
2025-01-21,2,65.0,13150.0,23150.0
2025-01-23,2,55.0,13205.0,23205.0
2025-01-24,3,125.0,13330.0,23330.0
2025-01-27,2,60.0,13390.0,23390.0
2025-01-29,1,30.0,13420.0,23420.0
2025-01-31,3,125.0,13545.0,23545.0
2025-02-03,3,-40.0,13505.0,23505.0
2025-02-04,2,60.0,13565.0,23565.0
2025-02-05,1,-80.0,13485.0,23485.0
2025-02-06,3,-175.0,13310.0,23310.0
2025-02-07,3,70.0,13380.0,23380.0
2025-02-10,1,35.0,13415.0,23415.0
2025-02-11,2,55.0,13470.0,23470.0
2025-02-12,2,-155.0,13315.0,23315.0
2025-02-13,2,60.0,13375.0,23375.0
2025-02-14,2,55.0,13430.0,23430.0
2025-02-17,2,45.0,13475.0,23475.0
2025-02-18,4,70.0,13545.0,23545.0
2025-02-19,1,25.0,13570.0,23570.0
2025-02-20,3,90.0,13660.0,23660.0
2025-02-21,5,25.0,13685.0,23685.0
2025-02-24,4,110.0,13795.0,23795.0
2025-02-25,1,30.0,13825.0,23825.0
2025-02-26,1,-85.0,13740.0,23740.0
2025-02-27,3,105.0,13845.0,23845.0
2025-02-28,3,120.0,13965.0,23965.0
2025-03-06,5,20.0,13985.0,23985.0
2025-03-07,4,-100.0,13885.0,23885.0
2025-03-10,3,60.0,13945.0,23945.0
2025-03-11,2,-65.0,13880.0,23880.0
2025-03-12,1,30.0,13910.0,23910.0
2025-03-13,3,85.0,13995.0,23995.0
2025-03-14,1,20.0,14015.0,24015.0
2025-03-18,2,45.0,14060.0,24060.0
2025-03-20,3,-25.0,14035.0,24035.0
2025-03-21,2,60.0,14095.0,24095.0
2025-03-25,2,45.0,14140.0,24140.0
2025-03-26,3,80.0,14220.0,24220.0
2025-03-27,1,-70.0,14150.0,24150.0
2025-03-28,1,-95.0,14055.0,24055.0
2025-03-31,3,95.0,14150.0,24150.0
2025-04-01,2,55.0,14205.0,24205.0
2025-04-02,1,30.0,14235.0,24235.0
2025-04-03,2,-145.0,14090.0,24090.0
2025-04-04,3,170.0,14260.0,24260.0
2025-04-07,4,40.0,14300.0,24300.0
2025-04-08,1,-115.0,14185.0,24185.0
2025-04-10,2,135.0,14320.0,24320.0
2025-04-11,1,-165.0,14155.0,24155.0
2025-04-14,1,-105.0,14050.0,24050.0
2025-04-15,3,100.0,14150.0,24150.0
2025-04-17,2,55.0,14205.0,24205.0
2025-04-22,2,50.0,14255.0,24255.0
2025-04-23,1,40.0,14295.0,24295.0
2025-04-24,2,-55.0,14240.0,24240.0
2025-04-25,2,50.0,14290.0,24290.0
2025-04-28,2,45.0,14335.0,24335.0
2025-04-29,1,25.0,14360.0,24360.0
2025-04-30,1,35.0,14395.0,24395.0
2025-05-02,2,50.0,14445.0,24445.0
2025-05-06,1,25.0,14470.0,24470.0
2025-05-07,4,115.0,14585.0,24585.0
2025-05-08,1,30.0,14615.0,24615.0
2025-05-09,2,-175.0,14440.0,24440.0
2025-05-12,1,-85.0,14355.0,24355.0
2025-05-13,2,40.0,14395.0,24395.0
2025-05-14,2,60.0,14455.0,24455.0
2025-05-15,1,25.0,14480.0,24480.0
2025-05-16,1,-110.0,14370.0,24370.0
2025-05-19,1,25.0,14395.0,24395.0
2025-05-20,3,80.0,14475.0,24475.0
2025-05-22,4,95.0,14570.0,24570.0
2025-05-23,1,-225.0,14345.0,24345.0
2025-05-26,3,85.0,14430.0,24430.0
2025-05-28,2,-70.0,14360.0,24360.0
2025-05-29,2,45.0,14405.0,24405.0
2025-05-30,2,75.0,14480.0,24480.0
2025-06-02,2,-70.0,14410.0,24410.0
2025-06-04,1,30.0,14440.0,24440.0
2025-06-05,1,20.0,14460.0,24460.0
2025-06-06,1,35.0,14495.0,24495.0
2025-06-09,1,30.0,14525.0,24525.0
2025-06-10,3,-15.0,14510.0,24510.0
2025-06-12,1,45.0,14555.0,24555.0
2025-06-13,3,75.0,14630.0,24630.0
2025-06-16,2,-60.0,14570.0,24570.0
2025-06-17,1,20.0,14590.0,24590.0
2025-06-23,4,-30.0,14560.0,24560.0
2025-06-24,1,35.0,14595.0,24595.0
2025-06-25,1,-95.0,14500.0,24500.0
2025-06-27,1,-120.0,14380.0,24380.0
2025-06-30,2,-75.0,14305.0,24305.0
2025-07-01,4,95.0,14400.0,24400.0
2025-07-03,2,45.0,14445.0,24445.0
2025-07-04,2,25.0,14470.0,24470.0
2025-07-07,3,75.0,14545.0,24545.0
2025-07-08,1,-65.0,14480.0,24480.0
2025-07-10,2,160.0,14640.0,24640.0
2025-07-11,2,65.0,14705.0,24705.0
2025-07-14,1,20.0,14725.0,24725.0
2025-07-15,2,-110.0,14615.0,24615.0
2025-07-16,2,-45.0,14570.0,24570.0
2025-07-17,3,80.0,14650.0,24650.0
2025-07-18,3,-30.0,14620.0,24620.0
2025-07-21,1,20.0,14640.0,24640.0
2025-07-22,2,-70.0,14570.0,24570.0
2025-07-24,1,15.0,14585.0,24585.0
2025-07-25,2,-40.0,14545.0,24545.0
2025-07-28,2,45.0,14590.0,24590.0
2025-07-29,2,35.0,14625.0,24625.0
2025-07-30,4,-15.0,14610.0,24610.0
2025-07-31,1,-165.0,14445.0,24445.0
2025-08-01,1,35.0,14480.0,24480.0
2025-08-04,2,60.0,14540.0,24540.0
2025-08-05,1,25.0,14565.0,24565.0
2025-08-07,4,0.0,14565.0,24565.0
2025-08-08,1,-80.0,14485.0,24485.0
2025-08-11,2,-40.0,14445.0,24445.0
2025-08-12,1,15.0,14460.0,24460.0
2025-08-13,3,-25.0,14435.0,24435.0
2025-08-14,2,-25.0,14410.0,24410.0
2025-08-15,1,15.0,14425.0,24425.0
2025-08-18,2,45.0,14470.0,24470.0
2025-08-19,1,20.0,14490.0,24490.0
2025-08-21,4,65.0,14555.0,24555.0
2025-08-22,4,-15.0,14540.0,24540.0
2025-08-25,3,35.0,14575.0,24575.0
2025-08-26,1,15.0,14590.0,24590.0
2025-08-27,1,-60.0,14530.0,24530.0
2025-08-28,2,-35.0,14495.0,24495.0
2025-08-29,1,-95.0,14400.0,24400.0
2025-09-01,2,-25.0,14375.0,24375.0
2025-09-02,1,30.0,14405.0,24405.0
2025-09-03,1,25.0,14430.0,24430.0
2025-09-04,1,20.0,14450.0,24450.0
2025-09-05,1,20.0,14470.0,24470.0
2025-09-08,2,-35.0,14435.0,24435.0
2025-09-09,4,-65.0,14370.0,24370.0
2025-09-11,1,15.0,14385.0,24385.0
2025-09-15,1,15.0,14400.0,24400.0
2025-09-16,1,25.0,14425.0,24425.0
2025-09-17,2,30.0,14455.0,24455.0
2025-09-18,2,-70.0,14385.0,24385.0
2025-09-22,2,-30.0,14355.0,24355.0
2025-09-23,2,30.0,14385.0,24385.0
2025-09-24,1,-50.0,14335.0,24335.0
2025-09-25,2,65.0,14400.0,24400.0
2025-09-26,1,15.0,14415.0,24415.0
2025-09-29,1,-65.0,14350.0,24350.0
2025-09-30,2,-55.0,14295.0,24295.0
2025-10-01,2,50.0,14345.0,24345.0
2025-10-02,2,-60.0,14285.0,24285.0
2025-10-03,2,-40.0,14245.0,24245.0
2025-10-06,2,30.0,14275.0,24275.0
2025-10-09,1,25.0,14300.0,24300.0
2025-10-10,1,-115.0,14185.0,24185.0
2025-10-14,2,-50.0,14135.0,24135.0
2025-10-16,4,-110.0,14025.0,24025.0
2025-10-17,3,65.0,14090.0,24090.0
2025-10-20,2,25.0,14115.0,24115.0
2025-10-21,3,65.0,14180.0,24180.0
2025-10-22,2,-55.0,14125.0,24125.0
2025-10-23,1,15.0,14140.0,24140.0
2025-10-24,1,10.0,14150.0,24150.0
2025-10-27,1,20.0,14170.0,24170.0
2025-10-28,1,-50.0,14120.0,24120.0
2025-10-30,1,-65.0,14055.0,24055.0
2025-10-31,1,-75.0,13980.0,23980.0
2025-11-03,3,-20.0,13960.0,23960.0
2025-11-04,2,-40.0,13920.0,23920.0
2025-11-06,3,50.0,13970.0,23970.0
2025-11-07,1,15.0,13985.0,23985.0
2025-11-10,1,15.0,14000.0,24000.0
2025-11-11,2,-50.0,13950.0,23950.0
2025-11-12,1,20.0,13970.0,23970.0
2025-11-14,3,60.0,14030.0,24030.0
2025-11-17,2,30.0,14060.0,24060.0
2025-11-18,2,30.0,14090.0,24090.0
2025-11-19,2,30.0,14120.0,24120.0
2025-11-21,1,40.0,14160.0,24160.0
2025-11-24,2,-40.0,14120.0,24120.0
2025-11-25,3,-45.0,14075.0,24075.0
2025-11-27,1,15.0,14090.0,24090.0
2025-11-28,2,35.0,14125.0,24125.0
2025-12-01,1,15.0,14140.0,24140.0
2025-12-02,2,30.0,14170.0,24170.0
2025-12-04,2,30.0,14200.0,24200.0
2025-12-05,3,100.0,14300.0,24300.0
2025-12-08,2,-325.0,13975.0,23975.0
2025-12-09,2,-65.0,13910.0,23910.0
2025-12-10,2,55.0,13965.0,23965.0
2025-12-11,1,30.0,13995.0,23995.0
2025-12-12,3,65.0,14060.0,24060.0
2025-12-15,1,20.0,14080.0,24080.0
2025-12-16,1,-105.0,13975.0,23975.0
2025-12-17,1,45.0,14020.0,24020.0
2025-12-18,1,35.0,14055.0,24055.0
2025-12-19,3,60.0,14115.0,24115.0
2025-12-22,2,-50.0,14065.0,24065.0
2025-12-23,1,25.0,14090.0,24090.0
2025-12-26,2,45.0,14135.0,24135.0
2025-12-29,1,20.0,14155.0,24155.0
2026-01-02,3,-45.0,14110.0,24110.0
2026-01-05,3,70.0,14180.0,24180.0
2026-01-06,2,35.0,14215.0,24215.0
2026-01-07,2,45.0,14260.0,24260.0
2026-01-08,2,30.0,14290.0,24290.0
2026-01-09,3,-20.0,14270.0,24270.0
2026-01-12,1,20.0,14290.0,24290.0
2026-01-13,5,-165.0,14125.0,24125.0
2026-01-14,1,55.0,14180.0,24180.0
2026-01-15,3,-10.0,14170.0,24170.0
2026-01-16,1,-60.0,14110.0,24110.0
2026-01-19,1,10.0,14120.0,24120.0
2026-01-20,1,20.0,14140.0,24140.0
2026-01-22,1,15.0,14155.0,24155.0
2026-01-23,3,-20.0,14135.0,24135.0
2026-01-26,2,-60.0,14075.0,24075.0
2026-01-27,1,15.0,14090.0,24090.0
2026-01-28,3,115.0,14205.0,24205.0
2026-01-29,2,-50.0,14155.0,24155.0
2026-01-30,2,-60.0,14095.0,24095.0
2026-02-02,1,-90.0,14005.0,24005.0
2026-02-03,3,55.0,14060.0,24060.0
2026-02-04,3,-30.0,14030.0,24030.0
2026-02-05,3,90.0,14120.0,24120.0
2026-02-06,2,-180.0,13940.0,23940.0
2026-02-09,4,-10.0,13930.0,23930.0
2026-02-10,3,-25.0,13905.0,23905.0
2026-02-11,2,40.0,13945.0,23945.0
2026-02-12,5,10.0,13955.0,23955.0
2026-02-13,4,-10.0,13945.0,23945.0
2026-02-18,2,45.0,13990.0,23990.0
2026-02-19,1,20.0,14010.0,24010.0
2026-02-20,3,50.0,14060.0,24060.0
2026-02-23,2,30.0,14090.0,24090.0
2026-02-24,1,15.0,14105.0,24105.0
2026-02-25,2,-165.0,13940.0,23940.0
2026-02-26,4,75.0,14015.0,24015.0
2026-02-27,2,60.0,14075.0,24075.0
2026-03-02,2,70.0,14145.0,24145.0
2026-03-03,1,55.0,14200.0,24200.0
2026-03-05,3,-340.0,13860.0,23860.0
2026-03-06,3,-45.0,13815.0,23815.0
2026-03-09,2,75.0,13890.0,23890.0
2026-03-10,2,80.0,13970.0,23970.0
2026-03-12,4,145.0,14115.0,24115.0
2026-03-13,4,175.0,14290.0,24290.0
2026-03-16,1,40.0,14330.0,24330.0
2026-03-17,2,50.0,14380.0,24380.0
2026-03-18,1,35.0,14415.0,24415.0
2026-03-19,2,-85.0,14330.0,24330.0
